TipoArticulo,Anhada,Partida,Raza,Alimentacion,NumeroSerieLc,AcidoOleico,AcidoPalmitico,AcidoEstearico,AcidoLinoleico,PesoVarios,Pesovientres,PesoCerdos,PesoNetoCanal,Nacimiento,CodigoMatadero,NroAnimales,PesoEntrada,TipoPesada,PesoSalida,DescripcionArticulo,FechaEntrada,FechaSalida
Jamón,2021,40521,50% IBERICO,CEBO DE CAMPO,147071472876,0,0,0,0,0,0,0,0,,1,153,17.5,Individual,7.42,JAMON CEBO CAMPO 50% 7-8 KGS DON IBERICOO 50% 7-8 ,2021-10-05 00:00:00.000,2021-11-10 00:00:00.000
Jamón,2021,40521,50% IBERICO,CEBO DE CAMPO,147071546522,0,0,0,0,0,0,0,0,,1,153,17.74,Individual,7.66,JAMON CEBO CAMPO 50% 7-8 KGS DON IBERICOO 50% 7-8 ,2021-10-05 00:00:00.000,2021-11-10 00:00:00.000
Jamón,2021,40521,50% IBERICO,CEBO DE CAMPO,147071473682,0,0,0,0,0,0,0,0,,1,153,17.6,Individual,7.54,JAMON CEBO CAMPO 50% 7-8 KGS DON IBERICOO 50% 7-8 ,2021-10-05 00:00:00.000,2021-11-04 00:00:00.000
Jamón,2021,40521,50% IBERICO,CEBO DE CAMPO,147071547321,0,0,0,0,0,0,0,0,,1,153,17.58,Individual,7.5,JAMON CEBO CAMPO 50% 7-8 KGS DON IBERICOO 50% 7-8 ,2021-10-05 00:00:00.000,2021-11-10 00:00:00.000
Jamón,2021,40521,50% IBERICO,CEBO DE CAMPO,147069450763,0,0,0,0,0,0,0,0,,1,153,17.38,Individual,7.32,JAMON CEBO CAMPO 50% 7-8 KGS DON IBERICOO 50% 7-8 ,2021-10-05 00:00:00.000,2021-11-10 00:00:00.000
Jamón,2021,40521,50% IBERICO,CEBO DE CAMPO,147071438520,0,0,0,0,0,0,0,0,,1,153,17.9,Individual,7.84,JAMON CEBO CAMPO 50% 7-8 KGS DON IBERICOO 50% 7-8 ,2021-10-05 00:00:00.000,2021-11-10 00:00:00.000
Jamón,2021,40521,50% IBERICO,CEBO DE CAMPO,147071473361,0,0,0,0,0,0,0,0,,1,153,17.7,Individual,7.62,JAMON CEBO CAMPO 50% 7-8 KGS DON IBERICOO 50% 7-8 ,2021-10-05 00:00:00.000,2021-11-10 00:00:00.000
Jamón,2021,40521,50% IBERICO,CEBO DE CAMPO,147071473958,0,0,0,0,0,0,0,0,,1,153,17.92,Individual,7.86,JAMON CEBO CAMPO 50% 7-8 KGS DON IBERICOO 50% 7-8 ,2021-10-05 00:00:00.000,2021-11-04 00:00:00.000
Jamón,2021,40521,50% IBERICO,CEBO DE CAMPO,147071438568,0,0,0,0,0,0,0,0,,1,153,17.92,Individual,7.86,JAMON CEBO CAMPO 50% 7-8 KGS DON IBERICOO 50% 7-8 ,2021-10-05 00:00:00.000,2021-11-04 00:00:00.000
Jamón,2021,40521,50% IBERICO,CEBO DE CAMPO,147071472968,0,0,0,0,0,0,0,0,,1,153,18.18,Individual,8.1,JAMON CEBO CAMPO 50% 7-8 KGS DON IBERICOO 50% 7-8 ,2021-10-05 00:00:00.000,2021-11-04 00:00:00.000
Jamón,2021,40521,50% IBERICO,CEBO DE CAMPO,147071545709,0,0,0,0,0,0,0,0,,1,153,17.44,Individual,7.38,JAMON CEBO CAMPO 50% 7-8 KGS DON IBERICOO 50% 7-8 ,2021-10-05 00:00:00.000,2021-11-04 00:00:00.000
Jamón,2021,40521,50% IBERICO,CEBO DE CAMPO,147067117545,0,0,0,0,0,0,0,0,,1,153,17.94,Individual,7.88,JAMON CEBO CAMPO 50% 7-8 KGS DON IBERICOO 50% 7-8 ,2021-10-05 00:00:00.000,2021-11-04 00:00:00.000
Jamón,2021,40521,50% IBERICO,CEBO DE CAMPO,147069449484,0,0,0,0,0,0,0,0,,1,153,17.56,Individual,7.5,JAMON CEBO CAMPO 50% 7-8 KGS DON IBERICOO 50% 7-8 ,2021-10-05 00:00:00.000,2021-11-04 00:00:00.000
Jamón,2021,40521,50% IBERICO,CEBO DE CAMPO,147069450206,0,0,0,0,0,0,0,0,,1,153,17.96,Individual,7.88,JAMON CEBO CAMPO 50% 7-8 KGS DON IBERICOO 50% 7-8 ,2021-10-05 00:00:00.000,2021-11-04 00:00:00.000
Jamón,2021,40521,50% IBERICO,CEBO DE CAMPO,147071546829,0,0,0,0,0,0,0,0,,1,153,7.5,Individual,7.48,JAMON CEBO CAMPO 50% 7-8 KGS DON IBERICOO 50% 7-8 ,2021-10-05 00:00:00.000,2021-11-04 00:00:00.000
Jamón,2021,40521,50% IBERICO,CEBO DE CAMPO,147071544382,0,0,0,0,0,0,0,0,,1,153,17.7,Individual,7.62,JAMON CEBO CAMPO 50% 7-8 KGS DON IBERICOO 50% 7-8 ,2021-10-05 00:00:00.000,2021-11-10 00:00:00.000
Jamón,2021,40521,50% IBERICO,CEBO DE CAMPO,147071546072,0,0,0,0,0,0,0,0,,1,153,17.76,Individual,7.68,JAMON CEBO CAMPO 50% 7-8 KGS DON IBERICOO 50% 7-8 ,2021-10-05 00:00:00.000,2021-11-10 00:00:00.000
Jamón,2021,40521,50% IBERICO,CEBO DE CAMPO,147067115633,0,0,0,0,0,0,0,0,,1,153,18.06,Individual,7.98,JAMON CEBO CAMPO 50% 7-8 KGS DON IBERICOO 50% 7-8 ,2021-10-05 00:00:00.000,2021-11-04 00:00:00.000
Jamón,2021,40521,50% IBERICO,CEBO DE CAMPO,147067116418,0,0,0,0,0,0,0,0,,1,153,17.98,Individual,7.92,JAMON CEBO CAMPO 50% 7-8 KGS DON IBERICOO 50% 7-8 ,2021-10-05 00:00:00.000,2021-11-04 00:00:00.000
Jamón,2021,40521,50% IBERICO,CEBO DE CAMPO,147071473705,0,0,0,0,0,0,0,0,,1,153,18.02,Individual,7.96,JAMON CEBO CAMPO 50% 7-8 KGS DON IBERICOO 50% 7-8 ,2021-10-05 00:00:00.000,2021-11-04 00:00:00.000
Jamón,2021,40521,50% IBERICO,CEBO DE CAMPO,147071474917,0,0,0,0,0,0,0,0,,1,153,17.28,Individual,7.28,JAMON CEBO CAMPO 50% 7-8 KGS DON IBERICOO 50% 7-8 ,2021-10-05 00:00:00.000,2021-11-04 00:00:00.000
Jamón,2021,40521,50% IBERICO,CEBO DE CAMPO,147071545204,0,0,0,0,0,0,0,0,,1,153,17.62,Individual,7.56,JAMON CEBO CAMPO 50% 7-8 KGS DON IBERICOO 50% 7-8 ,2021-10-05 00:00:00.000,2021-11-04 00:00:00.000
Jamón,2021,40521,50% IBERICO,CEBO DE CAMPO,147071545495,0,0,0,0,0,0,0,0,,1,153,17,Individual,6.94,JAMON CEBO CAMPO 50% 7-8 KGS DON IBERICOO 50% 7-8 ,2021-10-05 00:00:00.000,2021-11-04 00:00:00.000
Jamón,2021,40521,50% IBERICO,CEBO DE CAMPO,147071439350,0,0,0,0,0,0,0,0,,1,153,17.62,Individual,7.56,JAMON CEBO CAMPO 50% 7-8 KGS DON IBERICOO 50% 7-8 ,2021-10-05 00:00:00.000,2021-11-10 00:00:00.000
Jamón,2021,40521,50% IBERICO,CEBO DE CAMPO,147069451739,0,0,0,0,0,0,0,0,,1,153,18,Individual,7.94,JAMON CEBO CAMPO 50% 7-8 KGS DON IBERICOO 50% 7-8 ,2021-10-05 00:00:00.000,2021-11-04 00:00:00.000
Jamón,2021,40521,50% IBERICO,CEBO DE CAMPO,147071546362,0,0,0,0,0,0,0,0,,1,153,17.62,Individual,7.56,JAMON CEBO CAMPO 50% 7-8 KGS DON IBERICOO 50% 7-8 ,2021-10-05 00:00:00.000,2021-11-04 00:00:00.000
Jamón,2021,40521,50% IBERICO,CEBO DE CAMPO,147071546980,0,0,0,0,0,0,0,0,,1,153,17.92,Individual,7.86,JAMON CEBO CAMPO 50% 7-8 KGS DON IBERICOO 50% 7-8 ,2021-10-05 00:00:00.000,2021-11-04 00:00:00.000
Jamón,2021,40521,50% IBERICO,CEBO DE CAMPO,147067116104,0,0,0,0,0,0,0,0,,1,153,17.84,Individual,7.78,JAMON CEBO CAMPO 50% 7-8 KGS DON IBERICOO 50% 7-8 ,2021-10-05 00:00:00.000,2021-11-04 00:00:00.000
Jamón,2021,40521,50% IBERICO,CEBO DE CAMPO,147071439107,0,0,0,0,0,0,0,0,,1,153,17.84,Individual,7.8,JAMON CEBO CAMPO 50% 7-8 KGS DON IBERICOO 50% 7-8 ,2021-10-05 00:00:00.000,2021-11-04 00:00:00.000
Jamón,2021,40521,50% IBERICO,CEBO DE CAMPO,147071473866,0,0,0,0,0,0,0,0,,1,153,17.56,Individual,7.5,JAMON CEBO CAMPO 50% 7-8 KGS DON IBERICOO 50% 7-8 ,2021-10-05 00:00:00.000,2021-11-04 00:00:00.000
Jamón,2021,40521,50% IBERICO,CEBO DE CAMPO,147071474610,0,0,0,0,0,0,0,0,,1,153,18.1,Individual,8.04,JAMON CEBO CAMPO 50% 7-8 KGS DON IBERICOO 50% 7-8 ,2021-10-05 00:00:00.000,2021-11-04 00:00:00.000
Jamón,2021,40521,50% IBERICO,CEBO DE CAMPO,147071545693,0,0,0,0,0,0,0,0,,1,153,17.48,Individual,7.48,JAMON CEBO CAMPO 50% 7-8 KGS DON IBERICOO 50% 7-8 ,2021-10-05 00:00:00.000,2021-11-04 00:00:00.000
Jamón,2021,40521,50% IBERICO,CEBO DE CAMPO,147071547291,0,0,0,0,0,0,0,0,,1,153,7.38,Individual,7.32,JAMON CEBO CAMPO 50% 7-8 KGS DON IBERICOO 50% 7-8 ,2021-10-05 00:00:00.000,2021-11-04 00:00:00.000
Jamón,2021,40521,50% IBERICO,CEBO DE CAMPO,147067116173,0,0,0,0,0,0,0,0,,1,153,17.92,Individual,7.86,JAMON CEBO CAMPO 50% 7-8 KGS DON IBERICOO 50% 7-8 ,2021-10-05 00:00:00.000,2021-11-04 00:00:00.000
Jamón,2021,40521,50% IBERICO,CEBO DE CAMPO,147067116890,0,0,0,0,0,0,0,0,,1,153,17.4,Individual,7.34,JAMON CEBO CAMPO 50% 7-8 KGS DON IBERICOO 50% 7-8 ,2021-10-05 00:00:00.000,2021-11-04 00:00:00.000
Jamón,2021,40521,50% IBERICO,CEBO DE CAMPO,147069450398,0,0,0,0,0,0,0,0,,1,153,17.62,Individual,7.56,JAMON CEBO CAMPO 50% 7-8 KGS DON IBERICOO 50% 7-8 ,2021-10-05 00:00:00.000,2021-11-04 00:00:00.000
Jamón,2021,40521,50% IBERICO,CEBO DE CAMPO,147069450473,0,0,0,0,0,0,0,0,,1,153,17.74,Individual,7.68,JAMON CEBO CAMPO 50% 7-8 KGS DON IBERICOO 50% 7-8 ,2021-10-05 00:00:00.000,2021-11-04 00:00:00.000
Jamón,2021,40521,50% IBERICO,CEBO DE CAMPO,147067117286,0,0,0,0,0,0,0,0,,1,153,18.1,Individual,8.04,JAMON CEBO CAMPO 50% 7-8 KGS DON IBERICOO 50% 7-8 ,2021-10-05 00:00:00.000,2021-11-04 00:00:00.000
Jamón,2021,40521,50% IBERICO,CEBO DE CAMPO,147067117729,0,0,0,0,0,0,0,0,,1,153,18.02,Individual,7.94,JAMON CEBO CAMPO 50% 7-8 KGS DON IBERICOO 50% 7-8 ,2021-10-05 00:00:00.000,2021-11-04 00:00:00.000
Jamón,2021,40521,50% IBERICO,CEBO DE CAMPO,147069449453,0,0,0,0,0,0,0,0,,1,153,17.44,Individual,7.36,JAMON CEBO CAMPO 50% 7-8 KGS DON IBERICOO 50% 7-8 ,2021-10-05 00:00:00.000,2021-11-04 00:00:00.000
Jamón,2021,40521,50% IBERICO,CEBO DE CAMPO,147069451722,0,0,0,0,0,0,0,0,,1,153,17.62,Individual,7.54,JAMON CEBO CAMPO 50% 7-8 KGS DON IBERICOO 50% 7-8 ,2021-10-05 00:00:00.000,2021-11-04 00:00:00.000
Jamón,2021,40521,50% IBERICO,CEBO DE CAMPO,147071544597,0,0,0,0,0,0,0,0,,1,153,17.72,Individual,7.66,JAMON CEBO CAMPO 50% 7-8 KGS DON IBERICOO 50% 7-8 ,2021-10-05 00:00:00.000,2021-11-04 00:00:00.000
Jamón,2021,40521,50% IBERICO,CEBO DE CAMPO,147067116494,0,0,0,0,0,0,0,0,,1,153,17.44,Individual,7.3,JAMàN DE CEBO DE CAMPO IBRICO,2021-10-05 00:00:00.000,2022-02-14 00:00:00.000
Jamón,2021,40521,50% IBERICO,CEBO DE CAMPO,147071546287,0,0,0,0,0,0,0,0,,1,153,17.42,Individual,7.24,JAMàN DE CEBO DE CAMPO IBRICO,2021-10-05 00:00:00.000,2022-02-14 00:00:00.000
Jamón,2021,40521,50% IBERICO,CEBO DE CAMPO,147067117231,0,0,0,0,0,0,0,0,,1,153,18.12,Individual,7.94,JAMàN DE CEBO DE CAMPO IBRICO,2021-10-05 00:00:00.000,2022-02-14 00:00:00.000
Jamón,2021,40521,50% IBERICO,CEBO DE CAMPO,147071473897,0,0,0,0,0,0,0,0,,1,153,17.56,Individual,7.4,JAMàN DE CEBO DE CAMPO IBRICO,2021-10-05 00:00:00.000,2022-02-14 00:00:00.000
Jamón,2021,40521,50% IBERICO,CEBO DE CAMPO,147069449545,0,0,0,0,0,0,0,0,,1,153,17.94,Individual,7.88,JAMON CEBO CAMPO 50% 7-8 KGS DON IBERICOO 50% 7-8 ,2021-10-05 00:00:00.000,2021-11-04 00:00:00.000
Jamón,2021,40521,50% IBERICO,CEBO DE CAMPO,147069451487,0,0,0,0,0,0,0,0,,1,153,17.62,Individual,7.58,JAMON CEBO CAMPO 50% 7-8 KGS DON IBERICOO 50% 7-8 ,2021-10-05 00:00:00.000,2021-11-04 00:00:00.000
Jamón,2021,40521,50% IBERICO,CEBO DE CAMPO,147071438391,0,0,0,0,0,0,0,0,,1,153,18.14,Individual,8.06,JAMON CEBO CAMPO 50% 7-8 KGS DON IBERICOO 50% 7-8 ,2021-10-05 00:00:00.000,2021-11-04 00:00:00.000
Jamón,2021,40521,50% IBERICO,CEBO DE CAMPO,147067115947,0,0,0,0,0,0,0,0,,1,153,17.76,Individual,7.7,JAMON CEBO CAMPO 50% 7-8 KGS DON IBERICOO 50% 7-8 ,2021-10-05 00:00:00.000,2021-11-04 00:00:00.000
Jamón,2021,40521,50% IBERICO,CEBO DE CAMPO,147067117040,0,0,0,0,0,0,0,0,,1,153,18.1,Individual,8.04,JAMON CEBO CAMPO 50% 7-8 KGS DON IBERICOO 50% 7-8 ,2021-10-05 00:00:00.000,2021-11-04 00:00:00.000
Jamón,2021,40521,50% IBERICO,CEBO DE CAMPO,147071475273,0,0,0,0,0,0,0,0,,1,153,18.04,Individual,8,JAMON CEBO CAMPO 50% 7-8 KGS DON IBERICOO 50% 7-8 ,2021-10-05 00:00:00.000,2021-11-04 00:00:00.000
Jamón,2021,40521,50% IBERICO,CEBO DE CAMPO,147071474047,0,0,0,0,0,0,0,0,,1,153,18.02,Individual,7.96,JAMON CEBO CAMPO 50% 7-8 KGS DON IBERICOO 50% 7-8 ,2021-10-05 00:00:00.000,2021-11-04 00:00:00.000
Jamón,2021,40521,50% IBERICO,CEBO DE CAMPO,147071544627,0,0,0,0,0,0,0,0,,1,153,17.96,Individual,7.88,JAMON CEBO CAMPO 50% 7-8 KGS DON IBERICOO 50% 7-8 ,2021-10-05 00:00:00.000,2021-11-04 00:00:00.000
Jamón,2021,40521,50% IBERICO,CEBO DE CAMPO,147069451098,0,0,0,0,0,0,0,0,,1,153,17.4,Individual,7.08,JAMON CEBO CAMPO 50% 7-8 KGS DON IBERICOO 50% 7-8 ,2021-10-05 00:00:00.000,2021-11-10 00:00:00.000
Jamón,2021,40521,50% IBERICO,CEBO DE CAMPO,147071473675,0,0,0,0,0,0,0,0,,1,153,18.1,Individual,8.02,JAMON CEBO CAMPO 50% 7-8 KGS DON IBERICOO 50% 7-8 ,2021-10-05 00:00:00.000,2021-11-10 00:00:00.000
Jamón,2021,40521,50% IBERICO,CEBO DE CAMPO,147071544443,0,0,0,0,0,0,0,0,,1,153,7.86,Individual,7.78,JAMON CEBO CAMPO 50% 7-8 KGS DON IBERICOO 50% 7-8 ,2021-10-05 00:00:00.000,2021-11-10 00:00:00.000
Jamón,2021,40521,50% IBERICO,CEBO DE CAMPO,147071544818,0,0,0,0,0,0,0,0,,1,153,17.48,Individual,7.4,JAMON CEBO CAMPO 50% 7-8 KGS DON IBERICOO 50% 7-8 ,2021-10-05 00:00:00.000,2021-11-10 00:00:00.000
Jamón,2021,40521,50% IBERICO,CEBO DE CAMPO,147071544863,0,0,0,0,0,0,0,0,,1,153,17.94,Individual,7.86,JAMON CEBO CAMPO 50% 7-8 KGS DON IBERICOO 50% 7-8 ,2021-10-05 00:00:00.000,2021-11-10 00:00:00.000
Jamón,2021,40521,50% IBERICO,CEBO DE CAMPO,147071545334,0,0,0,0,0,0,0,0,,1,153,17.52,Individual,7.44,JAMON CEBO CAMPO 50% 7-8 KGS DON IBERICOO 50% 7-8 ,2021-10-05 00:00:00.000,2021-11-10 00:00:00.000
Jamón,2021,40521,50% IBERICO,CEBO DE CAMPO,147071544566,0,0,0,0,0,0,0,0,,1,153,17.82,Individual,7.74,JAMON CEBO CAMPO 50% 7-8 KGS DON IBERICOO 50% 7-8 ,2021-10-05 00:00:00.000,2021-11-10 00:00:00.000
Jamón,2021,40521,50% IBERICO,CEBO DE CAMPO,147069451159,0,0,0,0,0,0,0,0,,1,153,17.5,Individual,7.42,JAMON CEBO CAMPO 50% 7-8 KGS DON IBERICOO 50% 7-8 ,2021-10-05 00:00:00.000,2021-11-10 00:00:00.000
Jamón,2021,40521,50% IBERICO,CEBO DE CAMPO,147071474900,0,0,0,0,0,0,0,0,,1,153,17.4,Individual,7.34,JAMON CEBO CAMPO 50% 7-8 KGS DON IBERICOO 50% 7-8 ,2021-10-05 00:00:00.000,2021-11-10 00:00:00.000
Jamón,2021,40521,50% IBERICO,CEBO DE CAMPO,147071544962,0,0,0,0,0,0,0,0,,1,153,17.56,Individual,7.48,JAMON CEBO CAMPO 50% 7-8 KGS DON IBERICOO 50% 7-8 ,2021-10-05 00:00:00.000,2021-11-10 00:00:00.000
Jamón,2021,40521,50% IBERICO,CEBO DE CAMPO,147071475488,0,0,0,0,0,0,0,0,,1,153,7.6,Individual,7.54,JAMON CEBO CAMPO 50% 7-8 KGS DON IBERICOO 50% 7-8 ,2021-10-05 00:00:00.000,2021-11-04 00:00:00.000
Jamón,2021,40521,50% IBERICO,CEBO DE CAMPO,147071545068,0,0,0,0,0,0,0,0,,1,153,17.28,Individual,7.22,JAMON CEBO CAMPO 50% 7-8 KGS DON IBERICOO 50% 7-8 ,2021-10-05 00:00:00.000,2021-11-10 00:00:00.000
Jamón,2021,40521,50% IBERICO,CEBO DE CAMPO,147071546706,0,0,0,0,0,0,0,0,,1,153,17.98,Individual,7.92,JAMON CEBO CAMPO 50% 7-8 KGS DON IBERICOO 50% 7-8 ,2021-10-05 00:00:00.000,2021-11-10 00:00:00.000
Jamón,2021,40521,50% IBERICO,CEBO DE CAMPO,147071544405,0,0,0,0,0,0,0,0,,1,153,17.42,Individual,7.24,JAMàN DE CEBO DE CAMPO IBRICO,2021-10-05 00:00:00.000,2022-02-14 00:00:00.000
Jamón,2021,40521,50% IBERICO,CEBO DE CAMPO,147069449552,0,0,0,0,0,0,0,0,,1,153,18.06,Individual,7.86,JAMàN DE CEBO DE CAMPO IBRICO,2021-10-05 00:00:00.000,2022-02-14 00:00:00.000
Jamón,2021,40521,50% IBERICO,CEBO DE CAMPO,147071544368,0,0,0,0,0,0,0,0,,1,153,17.46,Individual,7.28,JAMàN DE CEBO DE CAMPO IBRICO,2021-10-05 00:00:00.000,2022-02-14 00:00:00.000
Jamón,2021,40521,50% IBERICO,CEBO DE CAMPO,147069449750,0,0,0,0,0,0,0,0,,1,153,17.08,Individual,7.02,JAMON CEBO CAMPO 50% 7-8 KGS DON IBERICOO 50% 7-8 ,2021-10-05 00:00:00.000,2021-11-04 00:00:00.000
Jamón,2021,40521,50% IBERICO,CEBO DE CAMPO,147069450404,0,0,0,0,0,0,0,0,,1,153,17.96,Individual,7.9,JAMON CEBO CAMPO 50% 7-8 KGS DON IBERICOO 50% 7-8 ,2021-10-05 00:00:00.000,2021-11-04 00:00:00.000
Jamón,2021,40521,50% IBERICO,CEBO DE CAMPO,147071438803,0,0,0,0,0,0,0,0,,1,153,17.64,Individual,7.58,JAMON CEBO CAMPO 50% 7-8 KGS DON IBERICOO 50% 7-8 ,2021-10-05 00:00:00.000,2021-11-04 00:00:00.000
Jamón,2021,40521,50% IBERICO,CEBO DE CAMPO,147071473477,0,0,0,0,0,0,0,0,,1,153,17.88,Individual,7.82,JAMON CEBO CAMPO 50% 7-8 KGS DON IBERICOO 50% 7-8 ,2021-10-05 00:00:00.000,2021-11-04 00:00:00.000
Jamón,2021,40521,50% IBERICO,CEBO DE CAMPO,147067116821,0,0,0,0,0,0,0,0,,1,153,17.8,Individual,7.74,JAMON CEBO CAMPO 50% 7-8 KGS DON IBERICOO 50% 7-8 ,2021-10-05 00:00:00.000,2021-11-04 00:00:00.000
Jamón,2021,40521,50% IBERICO,CEBO DE CAMPO,147069450510,0,0,0,0,0,0,0,0,,1,153,17.92,Individual,7.86,JAMON CEBO CAMPO 50% 7-8 KGS DON IBERICOO 50% 7-8 ,2021-10-05 00:00:00.000,2021-11-04 00:00:00.000
Jamón,2021,40521,50% IBERICO,CEBO DE CAMPO,147071545037,0,0,0,0,0,0,0,0,,1,153,17.88,Individual,7.82,JAMON CEBO CAMPO 50% 7-8 KGS DON IBERICOO 50% 7-8 ,2021-10-05 00:00:00.000,2021-11-10 00:00:00.000
Jamón,2021,40521,50% IBERICO,CEBO DE CAMPO,147069450534,0,0,0,0,0,0,0,0,,1,153,17.48,Individual,7.4,JAMON CEBO CAMPO 50% 7-8 KGS DON IBERICOO 50% 7-8 ,2021-10-05 00:00:00.000,2021-11-10 00:00:00.000
Jamón,2021,40521,50% IBERICO,CEBO DE CAMPO,147067116029,0,0,0,0,0,0,0,0,,1,153,17.94,Individual,7.88,JAMON CEBO CAMPO 50% 7-8 KGS DON IBERICOO 50% 7-8 ,2021-10-05 00:00:00.000,2021-11-04 00:00:00.000
Jamón,2021,40521,50% IBERICO,CEBO DE CAMPO,147071439046,0,0,0,0,0,0,0,0,,1,153,18.06,Individual,7.98,JAMON CEBO CAMPO 50% 7-8 KGS DON IBERICOO 50% 7-8 ,2021-10-05 00:00:00.000,2021-11-04 00:00:00.000
Jamón,2021,40521,50% IBERICO,CEBO DE CAMPO,147071473217,0,0,0,0,0,0,0,0,,1,153,18.02,Individual,7.96,JAMON CEBO CAMPO 50% 7-8 KGS DON IBERICOO 50% 7-8 ,2021-10-05 00:00:00.000,2021-11-04 00:00:00.000
Jamón,2021,40521,50% IBERICO,CEBO DE CAMPO,147071544733,0,0,0,0,0,0,0,0,,1,153,17.96,Individual,7.9,JAMON CEBO CAMPO 50% 7-8 KGS DON IBERICOO 50% 7-8 ,2021-10-05 00:00:00.000,2021-11-04 00:00:00.000
Jamón,2021,40521,50% IBERICO,CEBO DE CAMPO,147071438155,0,0,0,0,0,0,0,0,,1,153,17.78,Individual,7.72,JAMON CEBO CAMPO 50% 7-8 KGS DON IBERICOO 50% 7-8 ,2021-10-05 00:00:00.000,2021-11-10 00:00:00.000
Jamón,2021,40521,50% IBERICO,CEBO DE CAMPO,147071473767,0,0,0,0,0,0,0,0,,1,153,17.12,Individual,7.06,JAMON CEBO CAMPO 50% 7-8 KGS DON IBERICOO 50% 7-8 ,2021-10-05 00:00:00.000,2021-11-10 00:00:00.000
Jamón,2021,40521,50% IBERICO,CEBO DE CAMPO,147071473989,0,0,0,0,0,0,0,0,,1,153,18,Individual,7.92,JAMON CEBO CAMPO 50% 7-8 KGS DON IBERICOO 50% 7-8 ,2021-10-05 00:00:00.000,2021-11-10 00:00:00.000
Jamón,2021,40521,50% IBERICO,CEBO DE CAMPO,147071544535,0,0,0,0,0,0,0,0,,1,153,18.04,Individual,7.96,JAMON CEBO CAMPO 50% 7-8 KGS DON IBERICOO 50% 7-8 ,2021-10-05 00:00:00.000,2021-11-10 00:00:00.000
Jamón,2021,40521,50% IBERICO,CEBO DE CAMPO,147071544634,0,0,0,0,0,0,0,0,,1,153,17.92,Individual,7.84,JAMON CEBO CAMPO 50% 7-8 KGS DON IBERICOO 50% 7-8 ,2021-10-05 00:00:00.000,2021-11-10 00:00:00.000
Jamón,2021,40521,50% IBERICO,CEBO DE CAMPO,147071544658,0,0,0,0,0,0,0,0,,1,153,17.16,Individual,7.08,JAMON CEBO CAMPO 50% 7-8 KGS DON IBERICOO 50% 7-8 ,2021-10-05 00:00:00.000,2021-11-10 00:00:00.000
Jamón,2021,40521,50% IBERICO,CEBO DE CAMPO,147071475471,0,0,0,0,0,0,0,0,,1,153,17.64,Individual,7.58,JAMON CEBO CAMPO 50% 7-8 KGS DON IBERICOO 50% 7-8 ,2021-10-05 00:00:00.000,2021-11-04 00:00:00.000
Jamón,2021,40521,50% IBERICO,CEBO DE CAMPO,147071438759,0,0,0,0,0,0,0,0,,1,153,17.98,Individual,7.94,JAMON CEBO CAMPO 50% 7-8 KGS DON IBERICOO 50% 7-8 ,2021-10-05 00:00:00.000,2021-11-04 00:00:00.000
Jamón,2021,40521,50% IBERICO,CEBO DE CAMPO,147071473354,0,0,0,0,0,0,0,0,,1,153,17.88,Individual,7.82,JAMON CEBO CAMPO 50% 7-8 KGS DON IBERICOO 50% 7-8 ,2021-10-05 00:00:00.000,2021-11-04 00:00:00.000
Jamón,2021,40521,50% IBERICO,CEBO DE CAMPO,147071545341,0,0,0,0,0,0,0,0,,1,153,17.66,Individual,7.58,JAMON CEBO CAMPO 50% 7-8 KGS DON IBERICOO 50% 7-8 ,2021-10-05 00:00:00.000,2021-11-04 00:00:00.000
Jamón,2021,211921,50% IBERICO,CEBO DE CAMPO,147091761219,0,0,0,0,8442.2,16980,20700,16640.4,16/01/2020,1,130,11.76,Individual,9.14,JAMàN NO APTO PARA EL CONSUMO HUMANO,2021-03-29 00:00:00.000,2021-12-13 00:00:00.000
Jamón,2021,40521,50% IBERICO,CEBO DE CAMPO,147071473026,0,0,0,0,0,0,0,0,,1,153,17.52,Individual,7.46,JAMON CEBO CAMPO 50% 7-8 KGS DON IBERICOO 50% 7-8 ,2021-10-05 00:00:00.000,2021-11-10 00:00:00.000
Jamón,2021,40521,50% IBERICO,CEBO DE CAMPO,147071473132,0,0,0,0,0,0,0,0,,1,153,17,Individual,6.92,JAMON CEBO CAMPO 50% 7-8 KGS DON IBERICOO 50% 7-8 ,2021-10-05 00:00:00.000,2021-11-10 00:00:00.000
Jamón,2021,40521,50% IBERICO,CEBO DE CAMPO,147071545075,0,0,0,0,0,0,0,0,,1,153,17.3,Individual,7.22,JAMON CEBO CAMPO 50% 7-8 KGS DON IBERICOO 50% 7-8 ,2021-10-05 00:00:00.000,2021-11-10 00:00:00.000
Jamón,2021,40521,50% IBERICO,CEBO DE CAMPO,147071438841,0,0,0,0,0,0,0,0,,1,153,18.02,Individual,7.92,JAMON CEBO CAMPO 50% 7-8 KGS DON IBERICOO 50% 7-8 ,2021-10-05 00:00:00.000,2021-11-10 00:00:00.000
Jamón,2021,40521,50% IBERICO,CEBO DE CAMPO,147071473156,0,0,0,0,0,0,0,0,,1,153,18.04,Individual,7.94,JAMON CEBO CAMPO 50% 7-8 KGS DON IBERICOO 50% 7-8 ,2021-10-05 00:00:00.000,2021-11-10 00:00:00.000
Jamón,2021,40521,50% IBERICO,CEBO DE CAMPO,147071544795,0,0,0,0,0,0,0,0,,1,153,17.98,Individual,7.9,JAMON CEBO CAMPO 50% 7-8 KGS DON IBERICOO 50% 7-8 ,2021-10-05 00:00:00.000,2021-11-10 00:00:00.000
Jamón,2021,40521,50% IBERICO,CEBO DE CAMPO,147071547109,0,0,0,0,0,0,0,0,,1,153,17.94,Individual,7.86,JAMON CEBO CAMPO 50% 7-8 KGS DON IBERICOO 50% 7-8 ,2021-10-05 00:00:00.000,2021-11-10 00:00:00.000
Jamón,2021,40521,50% IBERICO,CEBO DE CAMPO,147071472999,0,0,0,0,0,0,0,0,,1,153,17.48,Individual,7.42,JAMON CEBO CAMPO 50% 7-8 KGS DON IBERICOO 50% 7-8 ,2021-10-05 00:00:00.000,2021-11-10 00:00:00.000
Jamón,2021,40521,50% IBERICO,CEBO DE CAMPO,147071475525,0,0,0,0,0,0,0,0,,1,153,18.06,Individual,8,JAMON CEBO CAMPO 50% 7-8 KGS DON IBERICOO 50% 7-8 ,2021-10-05 00:00:00.000,2021-11-10 00:00:00.000
Jamón,2021,40521,50% IBERICO,CEBO DE CAMPO,147071544474,0,0,0,0,0,0,0,0,,1,153,17.14,Individual,7.08,JAMON CEBO CAMPO 50% 7-8 KGS DON IBERICOO 50% 7-8 ,2021-10-05 00:00:00.000,2021-11-04 00:00:00.000
Jamón,2021,40521,50% IBERICO,CEBO DE CAMPO,147071545303,0,0,0,0,0,0,0,0,,1,153,17.54,Individual,7.48,JAMON CEBO CAMPO 50% 7-8 KGS DON IBERICOO 50% 7-8 ,2021-10-05 00:00:00.000,2021-11-04 00:00:00.000
Jamón,2021,40521,50% IBERICO,CEBO DE CAMPO,147071546676,0,0,0,0,0,0,0,0,,1,153,18.04,Individual,7.98,JAMON CEBO CAMPO 50% 7-8 KGS DON IBERICOO 50% 7-8 ,2021-10-05 00:00:00.000,2021-11-04 00:00:00.000
Jamón,2021,40521,50% IBERICO,CEBO DE CAMPO,147071544344,0,0,0,0,0,0,0,0,,1,153,18.1,Individual,8.06,JAMON CEBO CAMPO 50% 7-8 KGS DON IBERICOO 50% 7-8 ,2021-10-05 00:00:00.000,2021-11-04 00:00:00.000
Jamón,2021,40521,50% IBERICO,CEBO DE CAMPO,147071544351,0,0,0,0,0,0,0,0,,1,153,18.12,Individual,7.92,JAMàN DE CEBO DE CAMPO IBRICO,2021-10-05 00:00:00.000,2022-02-14 00:00:00.000
Jamón,2021,40521,50% IBERICO,CEBO DE CAMPO,147069451029,0,0,0,0,0,0,0,0,,1,153,18.02,Individual,7.96,JAMON CEBO CAMPO 50% 7-8 KGS DON IBERICOO 50% 7-8 ,2021-10-05 00:00:00.000,2021-11-04 00:00:00.000
Jamón,2021,40521,50% IBERICO,CEBO DE CAMPO,147071544856,0,0,0,0,0,0,0,0,,1,153,17.86,Individual,7.76,JAMON CEBO CAMPO 50% 7-8 KGS DON IBERICOO 50% 7-8 ,2021-10-05 00:00:00.000,2021-11-04 00:00:00.000
Jamón,2021,40521,50% IBERICO,CEBO DE CAMPO,147071545327,0,0,0,0,0,0,0,0,,1,153,17.44,Individual,7.26,JAMàN DE CEBO DE CAMPO IBRICO,2021-10-05 00:00:00.000,2022-02-14 00:00:00.000
Jamón,2021,40521,50% IBERICO,CEBO DE CAMPO,147069449262,0,0,0,0,0,0,0,0,,1,153,18.04,Individual,7.96,JAMON CEBO CAMPO 50% 7-8 KGS DON IBERICOO 50% 7-8 ,2021-10-05 00:00:00.000,2021-11-04 00:00:00.000
Jamón,2021,40521,50% IBERICO,CEBO DE CAMPO,147071544771,0,0,0,0,0,0,0,0,,1,153,17.74,Individual,7.66,JAMON CEBO CAMPO 50% 7-8 KGS DON IBERICOO 50% 7-8 ,2021-10-05 00:00:00.000,2021-11-04 00:00:00.000
Jamón,2021,40521,50% IBERICO,CEBO DE CAMPO,147071547338,0,0,0,0,0,0,0,0,,1,153,17.9,Individual,7.84,JAMON CEBO CAMPO 50% 7-8 KGS DON IBERICOO 50% 7-8 ,2021-10-05 00:00:00.000,2021-11-04 00:00:00.000
Jamón,2021,40521,50% IBERICO,CEBO DE CAMPO,147071473002,0,0,0,0,0,0,0,0,,1,153,17.16,Individual,7.1,JAMON CEBO CAMPO 50% 7-8 KGS DON IBERICOO 50% 7-8 ,2021-10-05 00:00:00.000,2021-11-04 00:00:00.000
Jamón,2021,40521,50% IBERICO,CEBO DE CAMPO,147071475631,0,0,0,0,0,0,0,0,,1,153,17.94,Individual,7.88,JAMON CEBO CAMPO 50% 7-8 KGS DON IBERICOO 50% 7-8 ,2021-10-05 00:00:00.000,2021-11-04 00:00:00.000
Jamón,2021,210137,100% IBERICO,BELLOTA,236039744220,0,0,0,0,10990.714,18574.3,22780,18202.814,11/08/2019,1,129,18.91,Individual,6.52,PALETA NO APTA PARA EL CONSUMO HUMANO,2021-01-15 00:00:00.000,2021-12-13 00:00:00.000
Jamón,2021,40521,50% IBERICO,CEBO DE CAMPO,147067117378,0,0,0,0,0,0,0,0,,1,153,18.14,Individual,8.06,JAMON CEBO CAMPO 50% 7-8 KGS DON IBERICOO 50% 7-8 ,2021-10-05 00:00:00.000,2021-11-04 00:00:00.000
Jamón,2021,40521,50% IBERICO,CEBO DE CAMPO,147071473330,0,0,0,0,0,0,0,0,,1,153,17.64,Individual,7.5,JAMàN DE CEBO DE CAMPO IBRICO,2021-10-05 00:00:00.000,2022-02-14 00:00:00.000
Jamón,2021,40521,50% IBERICO,CEBO DE CAMPO,147071544849,0,0,0,0,0,0,0,0,,1,153,17.66,Individual,7.48,JAMàN DE CEBO DE CAMPO IBRICO,2021-10-05 00:00:00.000,2022-02-14 00:00:00.000
Jamón,2021,40521,50% IBERICO,CEBO DE CAMPO,147071545723,0,0,0,0,0,0,0,0,,1,153,17.8,Individual,7.72,JAMON CEBO CAMPO 50% 7-8 KGS DON IBERICOO 50% 7-8 ,2021-10-05 00:00:00.000,2021-11-04 00:00:00.000
Jamón,2021,40521,50% IBERICO,CEBO DE CAMPO,147071473903,0,0,0,0,0,0,0,0,,1,153,18.1,Individual,7.92,JAMàN DE CEBO DE CAMPO IBRICO,2021-10-05 00:00:00.000,2022-02-14 00:00:00.000
Jamón,2021,40521,50% IBERICO,CEBO DE CAMPO,147071544894,0,0,0,0,0,0,0,0,,1,153,17.74,Individual,7.66,JAMON CEBO CAMPO 50% 7-8 KGS DON IBERICOO 50% 7-8 ,2021-10-05 00:00:00.000,2021-11-04 00:00:00.000
Jamón,2021,40521,50% IBERICO,CEBO DE CAMPO,147067116517,0,0,0,0,0,0,0,0,,1,153,18.06,Individual,7.88,JAMàN DE CEBO DE CAMPO IBRICO,2021-10-05 00:00:00.000,2022-02-14 00:00:00.000
Jamón,2021,40521,50% IBERICO,CEBO DE CAMPO,147067116951,0,0,0,0,0,0,0,0,,1,153,17.98,Individual,7.92,JAMON CEBO CAMPO 50% 7-8 KGS DON IBERICOO 50% 7-8 ,2021-10-05 00:00:00.000,2021-11-04 00:00:00.000
Jamón,2021,40521,50% IBERICO,CEBO DE CAMPO,147071473804,0,0,0,0,0,0,0,0,,1,153,17.48,Individual,7.42,JAMON CEBO CAMPO 50% 7-8 KGS DON IBERICOO 50% 7-8 ,2021-10-05 00:00:00.000,2021-11-04 00:00:00.000
Jamón,2021,40521,50% IBERICO,CEBO DE CAMPO,147071544788,0,0,0,0,0,0,0,0,,1,153,17.76,Individual,7.68,JAMON CEBO CAMPO 50% 7-8 KGS DON IBERICOO 50% 7-8 ,2021-10-05 00:00:00.000,2021-11-04 00:00:00.000
Jamón,2021,40521,50% IBERICO,CEBO DE CAMPO,147071545297,0,0,0,0,0,0,0,0,,1,153,17.76,Individual,7.7,JAMON CEBO CAMPO 50% 7-8 KGS DON IBERICOO 50% 7-8 ,2021-10-05 00:00:00.000,2021-11-04 00:00:00.000
Jamón,2021,40521,50% IBERICO,CEBO DE CAMPO,147069451593,0,0,0,0,0,0,0,0,,1,153,17.88,Individual,7.82,JAMON CEBO CAMPO 50% 7-8 KGS DON IBERICOO 50% 7-8 ,2021-10-05 00:00:00.000,2021-11-04 00:00:00.000
Jamón,2021,40521,50% IBERICO,CEBO DE CAMPO,147071544986,0,0,0,0,0,0,0,0,,1,153,17.94,Individual,7.88,JAMON CEBO CAMPO 50% 7-8 KGS DON IBERICOO 50% 7-8 ,2021-10-05 00:00:00.000,2021-11-04 00:00:00.000
Jamón,2021,40521,50% IBERICO,CEBO DE CAMPO,147071545259,0,0,0,0,0,0,0,0,,1,153,18.08,Individual,8.02,JAMON CEBO CAMPO 50% 7-8 KGS DON IBERICOO 50% 7-8 ,2021-10-05 00:00:00.000,2021-11-04 00:00:00.000
Jamón,2021,40521,50% IBERICO,CEBO DE CAMPO,147071474146,0,0,0,0,0,0,0,0,,1,153,17.46,Individual,7.4,JAMON CEBO CAMPO 50% 7-8 KGS DON IBERICOO 50% 7-8 ,2021-10-05 00:00:00.000,2021-11-10 00:00:00.000
Jamón,2021,40521,50% IBERICO,CEBO DE CAMPO,147071545457,0,0,0,0,0,0,0,0,,1,153,17.86,Individual,7.74,JAMàN DE CEBO DE CAMPO IBRICO,2021-10-05 00:00:00.000,2022-02-14 00:00:00.000
Jamón,2021,40521,50% IBERICO,CEBO DE CAMPO,147071473965,0,0,0,0,0,0,0,0,,1,153,17.38,Individual,7.22,JAMàN DE CEBO DE CAMPO IBRICO,2021-10-05 00:00:00.000,2022-02-14 00:00:00.000
Jamón,2021,40521,50% IBERICO,CEBO DE CAMPO,147071474429,0,0,0,0,0,0,0,0,,1,153,18.06,Individual,7.9,JAMàN DE CEBO DE CAMPO IBRICO,2021-10-05 00:00:00.000,2022-02-14 00:00:00.000
Jamón,2021,40521,50% IBERICO,CEBO DE CAMPO,147071545594,0,0,0,0,0,0,0,0,,1,153,17.34,Individual,7.18,JAMàN DE CEBO DE CAMPO IBRICO,2021-10-05 00:00:00.000,2022-02-14 00:00:00.000
Jamón,2021,40521,50% IBERICO,CEBO DE CAMPO,147067116296,0,0,0,0,0,0,0,0,,1,153,7.94,Individual,7.88,JAMON CEBO CAMPO 50% 7-8 KGS DON IBERICOO 50% 7-8 ,2021-10-05 00:00:00.000,2021-11-10 00:00:00.000
Jamón,2021,40521,50% IBERICO,CEBO DE CAMPO,147069450572,0,0,0,0,0,0,0,0,,1,153,17.84,Individual,7.78,JAMON CEBO CAMPO 50% 7-8 KGS DON IBERICOO 50% 7-8 ,2021-10-05 00:00:00.000,2021-11-04 00:00:00.000
Jamón,2021,40521,50% IBERICO,CEBO DE CAMPO,147071472920,0,0,0,0,0,0,0,0,,1,153,17.5,Individual,7.44,JAMON CEBO CAMPO 50% 7-8 KGS DON IBERICOO 50% 7-8 ,2021-10-05 00:00:00.000,2021-11-04 00:00:00.000
Jamón,2021,40521,50% IBERICO,CEBO DE CAMPO,147071545631,0,0,0,0,0,0,0,0,,1,153,17.5,Individual,7.44,JAMON CEBO CAMPO 50% 7-8 KGS DON IBERICOO 50% 7-8 ,2021-10-05 00:00:00.000,2021-11-04 00:00:00.000
Jamón,2021,40521,50% IBERICO,CEBO DE CAMPO,147071546690,0,0,0,0,0,0,0,0,,1,153,17.72,Individual,7.68,JAMON CEBO CAMPO 50% 7-8 KGS DON IBERICOO 50% 7-8 ,2021-10-05 00:00:00.000,2021-11-04 00:00:00.000
Jamón,2021,40521,50% IBERICO,CEBO DE CAMPO,147071474412,0,0,0,0,0,0,0,0,,1,153,17.84,Individual,7.78,JAMON CEBO CAMPO 50% 7-8 KGS DON IBERICOO 50% 7-8 ,2021-10-05 00:00:00.000,2021-11-04 00:00:00.000
Jamón,2021,40521,50% IBERICO,CEBO DE CAMPO,147071474948,0,0,0,0,0,0,0,0,,1,153,17.56,Individual,7.52,JAMON CEBO CAMPO 50% 7-8 KGS DON IBERICOO 50% 7-8 ,2021-10-05 00:00:00.000,2021-11-04 00:00:00.000
Jamón,2021,40521,50% IBERICO,CEBO DE CAMPO,147071544757,0,0,0,0,0,0,0,0,,1,153,18.22,Individual,8.16,JAMON CEBO CAMPO 50% 7-8 KGS DON IBERICOO 50% 7-8 ,2021-10-05 00:00:00.000,2021-11-04 00:00:00.000
Jamón,2021,40521,50% IBERICO,CEBO DE CAMPO,147071545655,0,0,0,0,0,0,0,0,,1,153,17.94,Individual,7.88,JAMON CEBO CAMPO 50% 7-8 KGS DON IBERICOO 50% 7-8 ,2021-10-05 00:00:00.000,2021-11-04 00:00:00.000
Jamón,2021,40521,50% IBERICO,CEBO DE CAMPO,147071474931,0,0,0,0,0,0,0,0,,1,153,17.82,Individual,7.76,JAMON CEBO CAMPO 50% 7-8 KGS DON IBERICOO 50% 7-8 ,2021-10-05 00:00:00.000,2021-11-10 00:00:00.000
Jamón,2021,40521,50% IBERICO,CEBO DE CAMPO,147071544801,0,0,0,0,0,0,0,0,,1,153,17.78,Individual,7.7,JAMON CEBO CAMPO 50% 7-8 KGS DON IBERICOO 50% 7-8 ,2021-10-05 00:00:00.000,2021-11-10 00:00:00.000
Jamón,2021,40521,50% IBERICO,CEBO DE CAMPO,147071544610,0,0,0,0,0,0,0,0,,1,153,17.74,Individual,7.68,JAMON CEBO CAMPO 50% 7-8 KGS DON IBERICOO 50% 7-8 ,2021-10-05 00:00:00.000,2021-11-04 00:00:00.000
Jamón,2021,40521,50% IBERICO,CEBO DE CAMPO,147071545600,0,0,0,0,0,0,0,0,,1,153,17.04,Individual,6.96,JAMON CEBO CAMPO 50% 7-8 KGS DON IBERICOO 50% 7-8 ,2021-10-05 00:00:00.000,2021-11-10 00:00:00.000
Jamón,2021,40521,50% IBERICO,CEBO DE CAMPO,147069449651,0,0,0,0,0,0,0,0,,1,153,17.42,Individual,7.36,JAMON CEBO CAMPO 50% 7-8 KGS DON IBERICOO 50% 7-8 ,2021-10-05 00:00:00.000,2021-11-04 00:00:00.000
Jamón,2021,40521,50% IBERICO,CEBO DE CAMPO,147071472845,0,0,0,0,0,0,0,0,,1,153,17.6,Individual,7.54,JAMON CEBO CAMPO 50% 7-8 KGS DON IBERICOO 50% 7-8 ,2021-10-05 00:00:00.000,2021-11-10 00:00:00.000
Jamón,2021,40521,50% IBERICO,CEBO DE CAMPO,147069449583,0,0,0,0,0,0,0,0,,1,153,17.52,Individual,7.46,JAMON CEBO CAMPO 50% 7-8 KGS DON IBERICOO 50% 7-8 ,2021-10-05 00:00:00.000,2021-11-04 00:00:00.000
Jamón,2021,40521,50% IBERICO,CEBO DE CAMPO,147067115855,0,0,0,0,0,0,0,0,,1,153,17.96,Individual,7.9,JAMON CEBO CAMPO 50% 7-8 KGS DON IBERICOO 50% 7-8 ,2021-10-05 00:00:00.000,2021-11-04 00:00:00.000
Jamón,2021,40521,50% IBERICO,CEBO DE CAMPO,147069449682,0,0,0,0,0,0,0,0,,1,153,18.1,Individual,8.04,JAMON CEBO CAMPO 50% 7-8 KGS DON IBERICOO 50% 7-8 ,2021-10-05 00:00:00.000,2021-11-04 00:00:00.000
Jamón,2021,40521,50% IBERICO,CEBO DE CAMPO,147069450619,0,0,0,0,0,0,0,0,,1,153,18.02,Individual,7.94,JAMON CEBO CAMPO 50% 7-8 KGS DON IBERICOO 50% 7-8 ,2021-10-05 00:00:00.000,2021-11-04 00:00:00.000
Jamón,2021,40521,50% IBERICO,CEBO DE CAMPO,147071474009,0,0,0,0,0,0,0,0,,1,153,17.98,Individual,7.9,JAMON CEBO CAMPO 50% 7-8 KGS DON IBERICOO 50% 7-8 ,2021-10-05 00:00:00.000,2021-11-04 00:00:00.000
Jamón,2021,40521,50% IBERICO,CEBO DE CAMPO,147067117477,0,0,0,0,0,0,0,0,,1,153,17.94,Individual,7.86,JAMON CEBO CAMPO 50% 7-8 KGS DON IBERICOO 50% 7-8 ,2021-10-05 00:00:00.000,2021-11-04 00:00:00.000
Jamón,2021,40521,50% IBERICO,CEBO DE CAMPO,147069449606,0,0,0,0,0,0,0,0,,1,153,17.94,Individual,7.88,JAMON CEBO CAMPO 50% 7-8 KGS DON IBERICOO 50% 7-8 ,2021-10-05 00:00:00.000,2021-11-04 00:00:00.000
Jamón,2021,40521,50% IBERICO,CEBO DE CAMPO,147071546683,0,0,0,0,0,0,0,0,,1,153,17.78,Individual,7.72,JAMON CEBO CAMPO 50% 7-8 KGS DON IBERICOO 50% 7-8 ,2021-10-05 00:00:00.000,2021-11-04 00:00:00.000
Jamón,2021,40521,50% IBERICO,CEBO DE CAMPO,147071474962,0,0,0,0,0,0,0,0,,1,153,17.18,Individual,7.08,JAMON CEBO CAMPO 50% 7-8 KGS DON IBERICOO 50% 7-8 ,2021-10-05 00:00:00.000,2021-11-10 00:00:00.000
Jamón,2021,40521,50% IBERICO,CEBO DE CAMPO,147071473347,0,0,0,0,0,0,0,0,,1,153,17.52,Individual,7.44,JAMON CEBO CAMPO 50% 7-8 KGS DON IBERICOO 50% 7-8 ,2021-10-05 00:00:00.000,2021-11-10 00:00:00.000
Jamón,2021,40521,50% IBERICO,CEBO DE CAMPO,147067116180,0,0,0,0,0,0,0,0,,1,153,18.14,Individual,8.06,JAMON CEBO CAMPO 50% 7-8 KGS DON IBERICOO 50% 7-8 ,2021-10-05 00:00:00.000,2021-11-10 00:00:00.000
Jamón,2021,40521,50% IBERICO,CEBO DE CAMPO,147071545501,0,0,0,0,0,0,0,0,,1,153,17.56,Individual,7.48,JAMON CEBO CAMPO 50% 7-8 KGS DON IBERICOO 50% 7-8 ,2021-10-05 00:00:00.000,2021-11-10 00:00:00.000
Jamón,2021,40521,50% IBERICO,CEBO DE CAMPO,147071437882,0,0,0,0,0,0,0,0,,1,153,17.72,Individual,7.66,JAMON CEBO CAMPO 50% 7-8 KGS DON IBERICOO 50% 7-8 ,2021-10-05 00:00:00.000,2021-11-10 00:00:00.000
Jamón,2021,211378,50% IBERICO,CEBO DE CAMPO,147091632205,0,0,0,0,7960.544,15572.8,18761.43,15261.344,29/05/2019,1,115,13.58,Individual,10.62,JAMàN NO APTO PARA EL CONSUMO HUMANO,2021-02-26 00:00:00.000,2021-12-13 00:00:00.000
Jamón,2021,40521,50% IBERICO,CEBO DE CAMPO,147071438957,0,0,0,0,0,0,0,0,,1,153,17.54,Individual,7.44,JAMON CEBO CAMPO 50% 7-8 KGS DON IBERICOO 50% 7-8 ,2021-10-05 00:00:00.000,2021-11-10 00:00:00.000
Jamón,2021,40521,50% IBERICO,CEBO DE CAMPO,147071439336,0,0,0,0,0,0,0,0,,1,153,17.88,Individual,7.82,JAMON CEBO CAMPO 50% 7-8 KGS DON IBERICOO 50% 7-8 ,2021-10-05 00:00:00.000,2021-11-10 00:00:00.000
Jamón,2021,40521,50% IBERICO,CEBO DE CAMPO,147071544887,0,0,0,0,0,0,0,0,,1,153,18.06,Individual,8,JAMON CEBO CAMPO 50% 7-8 KGS DON IBERICOO 50% 7-8 ,2021-10-05 00:00:00.000,2021-11-10 00:00:00.000
Jamón,2021,40521,50% IBERICO,CEBO DE CAMPO,147071545006,0,0,0,0,0,0,0,0,,1,153,18.16,Individual,8.1,JAMON CEBO CAMPO 50% 7-8 KGS DON IBERICOO 50% 7-8 ,2021-10-05 00:00:00.000,2021-11-10 00:00:00.000
Jamón,2021,40521,50% IBERICO,CEBO DE CAMPO,147071545648,0,0,0,0,0,0,0,0,,1,153,17.82,Individual,7.74,JAMON CEBO CAMPO 50% 7-8 KGS DON IBERICOO 50% 7-8 ,2021-10-05 00:00:00.000,2021-11-04 00:00:00.000
Jamón,2021,40521,50% IBERICO,CEBO DE CAMPO,147071544412,0,0,0,0,0,0,0,0,,1,153,17.36,Individual,7.28,JAMON CEBO CAMPO 50% 7-8 KGS DON IBERICOO 50% 7-8 ,2021-10-05 00:00:00.000,2021-11-10 00:00:00.000
Jamón,2021,40521,50% IBERICO,CEBO DE CAMPO,147071545679,0,0,0,0,0,0,0,0,,1,153,17.54,Individual,7.46,JAMON CEBO CAMPO 50% 7-8 KGS DON IBERICOO 50% 7-8 ,2021-10-05 00:00:00.000,2021-11-10 00:00:00.000
Jamón,2021,40521,50% IBERICO,CEBO DE CAMPO,147071474788,0,0,0,0,0,0,0,0,,1,153,17.38,Individual,7.32,JAMON CEBO CAMPO 50% 7-8 KGS DON IBERICOO 50% 7-8 ,2021-10-05 00:00:00.000,2021-11-10 00:00:00.000
Jamón,2021,40521,50% IBERICO,CEBO DE CAMPO,147071544870,0,0,0,0,0,0,0,0,,1,153,17.84,Individual,7.76,JAMON CEBO CAMPO 50% 7-8 KGS DON IBERICOO 50% 7-8 ,2021-10-05 00:00:00.000,2021-11-10 00:00:00.000
Jamón,2021,40521,50% IBERICO,CEBO DE CAMPO,147071545686,0,0,0,0,0,0,0,0,,1,153,16.94,Individual,6.88,JAMON CEBO CAMPO 50% 7-8 KGS DON IBERICOO 50% 7-8 ,2021-10-05 00:00:00.000,2021-11-10 00:00:00.000
Jamón,2021,40521,50% IBERICO,CEBO DE CAMPO,147071546850,0,0,0,0,0,0,0,0,,1,153,17.8,Individual,7.74,JAMON CEBO CAMPO 50% 7-8 KGS DON IBERICOO 50% 7-8 ,2021-10-05 00:00:00.000,2021-11-04 00:00:00.000
Jamón,2021,40521,50% IBERICO,CEBO DE CAMPO,147071473590,0,0,0,0,0,0,0,0,,1,153,17.8,Individual,7.74,JAMON CEBO CAMPO 50% 7-8 KGS DON IBERICOO 50% 7-8 ,2021-10-05 00:00:00.000,2021-11-04 00:00:00.000
Jamón,2021,40521,50% IBERICO,CEBO DE CAMPO,147069451678,0,0,0,0,0,0,0,0,,1,153,17.64,Individual,7.58,JAMON CEBO CAMPO 50% 7-8 KGS DON IBERICOO 50% 7-8 ,2021-10-05 00:00:00.000,2021-11-04 00:00:00.000
Jamón,2021,40521,50% IBERICO,CEBO DE CAMPO,147067116814,0,0,0,0,0,0,0,0,,1,153,17.44,Individual,7.38,JAMON CEBO CAMPO 50% 7-8 KGS DON IBERICOO 50% 7-8 ,2021-10-05 00:00:00.000,2021-11-04 00:00:00.000
Jamón,2021,40521,50% IBERICO,CEBO DE CAMPO,147071545518,0,0,0,0,0,0,0,0,,1,153,7.54,Individual,7.54,JAMON CEBO CAMPO 50% 7-8 KGS DON IBERICOO 50% 7-8 ,2021-10-05 00:00:00.000,2021-11-04 00:00:00.000
Jamón,2021,40521,50% IBERICO,CEBO DE CAMPO,147069451777,0,0,0,0,0,0,0,0,,1,153,17.86,Individual,7.68,JAMàN DE CEBO DE CAMPO IBRICO,2021-10-05 00:00:00.000,2022-02-14 00:00:00.000
Jamón,2021,40521,50% IBERICO,CEBO DE CAMPO,147067116999,0,0,0,0,0,0,0,0,,1,153,18.06,Individual,7.98,JAMON CEBO CAMPO 50% 7-8 KGS DON IBERICOO 50% 7-8 ,2021-10-05 00:00:00.000,2021-11-04 00:00:00.000
Jamón,2021,40521,50% IBERICO,CEBO DE CAMPO,147069449613,0,0,0,0,0,0,0,0,,1,153,17.5,Individual,7.44,JAMON CEBO CAMPO 50% 7-8 KGS DON IBERICOO 50% 7-8 ,2021-10-05 00:00:00.000,2021-11-04 00:00:00.000
Jamón,2021,40521,50% IBERICO,CEBO DE CAMPO,147069451302,0,0,0,0,0,0,0,0,,1,153,17.9,Individual,7.84,JAMON CEBO CAMPO 50% 7-8 KGS DON IBERICOO 50% 7-8 ,2021-10-05 00:00:00.000,2021-11-04 00:00:00.000
Jamón,2021,40521,50% IBERICO,CEBO DE CAMPO,147071473750,0,0,0,0,0,0,0,0,,1,153,17.3,Individual,7.24,JAMON CEBO CAMPO 50% 7-8 KGS DON IBERICOO 50% 7-8 ,2021-10-05 00:00:00.000,2021-11-04 00:00:00.000
Jamón,2021,40521,50% IBERICO,CEBO DE CAMPO,147071546928,0,0,0,0,0,0,0,0,,1,153,17.8,Individual,7.74,JAMON CEBO CAMPO 50% 7-8 KGS DON IBERICOO 50% 7-8 ,2021-10-05 00:00:00.000,2021-11-04 00:00:00.000
Jamón,2021,40521,50% IBERICO,CEBO DE CAMPO,147069451210,0,0,0,0,0,0,0,0,,1,153,17.62,Individual,7.54,JAMON CEBO CAMPO 50% 7-8 KGS DON IBERICOO 50% 7-8 ,2021-10-05 00:00:00.000,2021-11-04 00:00:00.000
Jamón,2021,40521,50% IBERICO,CEBO DE CAMPO,147071473729,0,0,0,0,0,0,0,0,,1,153,17.78,Individual,7.72,JAMON CEBO CAMPO 50% 7-8 KGS DON IBERICOO 50% 7-8 ,2021-10-05 00:00:00.000,2021-11-04 00:00:00.000
Jamón,2021,40521,50% IBERICO,CEBO DE CAMPO,147067117644,0,0,0,0,0,0,0,0,,1,153,17.74,Individual,7.68,JAMON CEBO CAMPO 50% 7-8 KGS DON IBERICOO 50% 7-8 ,2021-10-05 00:00:00.000,2021-11-04 00:00:00.000
Jamón,2021,40521,50% IBERICO,CEBO DE CAMPO,147069450756,0,0,0,0,0,0,0,0,,1,153,17.96,Individual,7.88,JAMON CEBO CAMPO 50% 7-8 KGS DON IBERICOO 50% 7-8 ,2021-10-05 00:00:00.000,2021-11-04 00:00:00.000
Jamón,2021,40521,50% IBERICO,CEBO DE CAMPO,147069450992,0,0,0,0,0,0,0,0,,1,153,17.86,Individual,7.8,JAMON CEBO CAMPO 50% 7-8 KGS DON IBERICOO 50% 7-8 ,2021-10-05 00:00:00.000,2021-11-04 00:00:00.000
Jamón,2021,40521,50% IBERICO,CEBO DE CAMPO,147071544528,0,0,0,0,0,0,0,0,,1,153,17.66,Individual,7.62,JAMON CEBO CAMPO 50% 7-8 KGS DON IBERICOO 50% 7-8 ,2021-10-05 00:00:00.000,2021-11-04 00:00:00.000
Jamón,2021,40521,50% IBERICO,CEBO DE CAMPO,147071544672,0,0,0,0,0,0,0,0,,1,153,18.1,Individual,8.02,JAMON CEBO CAMPO 50% 7-8 KGS DON IBERICOO 50% 7-8 ,2021-10-05 00:00:00.000,2021-11-04 00:00:00.000
Jamón,2021,40521,50% IBERICO,CEBO DE CAMPO,147071545396,0,0,0,0,0,0,0,0,,1,153,18.08,Individual,8,JAMON CEBO CAMPO 50% 7-8 KGS DON IBERICOO 50% 7-8 ,2021-10-05 00:00:00.000,2021-11-04 00:00:00.000
Jamón,2021,40521,50% IBERICO,CEBO DE CAMPO,147071544481,0,0,0,0,0,0,0,0,,1,153,17.12,Individual,7.06,JAMON CEBO CAMPO 50% 7-8 KGS DON IBERICOO 50% 7-8 ,2021-10-05 00:00:00.000,2021-11-04 00:00:00.000
Jamón,2021,40521,50% IBERICO,CEBO DE CAMPO,147067115732,0,0,0,0,0,0,0,0,,1,153,17.94,Individual,7.78,JAMàN DE CEBO DE CAMPO IBRICO,2021-10-05 00:00:00.000,2022-02-14 00:00:00.000
Jamón,2021,40521,50% IBERICO,CEBO DE CAMPO,147071437899,0,0,0,0,0,0,0,0,,1,153,17.22,Individual,7.04,JAMàN DE CEBO DE CAMPO IBRICO,2021-10-05 00:00:00.000,2022-02-14 00:00:00.000
Jamón,2021,40521,50% IBERICO,CEBO DE CAMPO,147069449590,0,0,0,0,0,0,0,0,,1,153,17.28,Individual,7.12,JAMàN DE CEBO DE CAMPO IBRICO,2021-10-05 00:00:00.000,2022-02-14 00:00:00.000
Jamón,2021,40521,50% IBERICO,CEBO DE CAMPO,147071544269,0,0,0,0,0,0,0,0,,1,153,17.2,Individual,7.14,JAMON CEBO CAMPO 50% 7-8 KGS DON IBERICOO 50% 7-8 ,2021-10-05 00:00:00.000,2021-11-10 00:00:00.000
Jamón,2021,40521,50% IBERICO,CEBO DE CAMPO,147067116906,0,0,0,0,0,0,0,0,,1,153,17.86,Individual,7.78,JAMON CEBO CAMPO 50% 7-8 KGS DON IBERICOO 50% 7-8 ,2021-10-05 00:00:00.000,2021-11-04 00:00:00.000
Jamón,2021,40521,50% IBERICO,CEBO DE CAMPO,147071544306,0,0,0,0,0,0,0,0,,1,153,17.9,Individual,7.82,JAMON CEBO CAMPO 50% 7-8 KGS DON IBERICOO 50% 7-8 ,2021-10-05 00:00:00.000,2021-11-04 00:00:00.000
Jamón,2021,40521,50% IBERICO,CEBO DE CAMPO,147071545228,0,0,0,0,0,0,0,0,,1,153,17.94,Individual,7.9,JAMON CEBO CAMPO 50% 7-8 KGS DON IBERICOO 50% 7-8 ,2021-10-05 00:00:00.000,2021-11-04 00:00:00.000
Jamón,2021,40521,50% IBERICO,CEBO DE CAMPO,147067117033,0,0,0,0,0,0,0,0,,1,153,17.8,Individual,7.6,JAMàN DE CEBO DE CAMPO IBRICO,2021-10-05 00:00:00.000,2022-02-14 00:00:00.000
Jamón,2021,40521,50% IBERICO,CEBO DE CAMPO,147069449781,0,0,0,0,0,0,0,0,,1,153,17.82,Individual,7.76,JAMON CEBO CAMPO 50% 7-8 KGS DON IBERICOO 50% 7-8 ,2021-10-05 00:00:00.000,2021-11-04 00:00:00.000
Jamón,2021,40521,50% IBERICO,CEBO DE CAMPO,147069451326,0,0,0,0,0,0,0,0,,1,153,17.42,Individual,7.38,JAMON CEBO CAMPO 50% 7-8 KGS DON IBERICOO 50% 7-8 ,2021-10-05 00:00:00.000,2021-11-04 00:00:00.000
Jamón,2021,40521,50% IBERICO,CEBO DE CAMPO,147071544238,0,0,0,0,0,0,0,0,,1,153,17.86,Individual,7.8,JAMON CEBO CAMPO 50% 7-8 KGS DON IBERICOO 50% 7-8 ,2021-10-05 00:00:00.000,2021-11-04 00:00:00.000
Jamón,2021,40521,50% IBERICO,CEBO DE CAMPO,147069450220,0,0,0,0,0,0,0,0,,1,153,18.12,Individual,8.04,JAMON CEBO CAMPO 50% 7-8 KGS DON IBERICOO 50% 7-8 ,2021-10-05 00:00:00.000,2021-11-04 00:00:00.000
Jamón,2021,40521,50% IBERICO,CEBO DE CAMPO,147071544955,0,0,0,0,0,0,0,0,,1,153,17.66,Individual,7.6,JAMON CEBO CAMPO 50% 7-8 KGS DON IBERICOO 50% 7-8 ,2021-10-05 00:00:00.000,2021-11-04 00:00:00.000
Jamón,2021,40521,50% IBERICO,CEBO DE CAMPO,147071546089,0,0,0,0,0,0,0,0,,1,153,17.84,Individual,7.76,JAMON CEBO CAMPO 50% 7-8 KGS DON IBERICOO 50% 7-8 ,2021-10-05 00:00:00.000,2021-11-04 00:00:00.000
Jamón,2021,40521,50% IBERICO,CEBO DE CAMPO,147071438216,0,0,0,0,0,0,0,0,,1,153,17.92,Individual,7.84,JAMON CEBO CAMPO 50% 7-8 KGS DON IBERICOO 50% 7-8 ,2021-10-05 00:00:00.000,2021-11-04 00:00:00.000
Jamón,2021,40521,50% IBERICO,CEBO DE CAMPO,147071544993,0,0,0,0,0,0,0,0,,1,153,17.76,Individual,7.7,JAMON CEBO CAMPO 50% 7-8 KGS DON IBERICOO 50% 7-8 ,2021-10-05 00:00:00.000,2021-11-04 00:00:00.000
Jamón,2021,40521,50% IBERICO,CEBO DE CAMPO,147071545082,0,0,0,0,0,0,0,0,,1,153,17.94,Individual,7.88,JAMON CEBO CAMPO 50% 7-8 KGS DON IBERICOO 50% 7-8 ,2021-10-05 00:00:00.000,2021-11-04 00:00:00.000
Jamón,2021,40521,50% IBERICO,CEBO DE CAMPO,147071438674,0,0,0,0,0,0,0,0,,1,153,18.08,Individual,8,JAMON CEBO CAMPO 50% 7-8 KGS DON IBERICOO 50% 7-8 ,2021-10-05 00:00:00.000,2021-11-10 00:00:00.000
Jamón,2021,40521,50% IBERICO,CEBO DE CAMPO,147071545716,0,0,0,0,0,0,0,0,,1,153,17.22,Individual,7.14,JAMON CEBO CAMPO 50% 7-8 KGS DON IBERICOO 50% 7-8 ,2021-10-05 00:00:00.000,2021-11-10 00:00:00.000
Jamón,2021,40521,50% IBERICO,CEBO DE CAMPO,147071473996,0,0,0,0,0,0,0,0,,1,153,18.04,Individual,7.98,JAMON CEBO CAMPO 50% 7-8 KGS DON IBERICOO 50% 7-8 ,2021-10-05 00:00:00.000,2021-11-10 00:00:00.000
Jamón,2021,40521,50% IBERICO,CEBO DE CAMPO,147071545563,0,0,0,0,0,0,0,0,,1,153,18.18,Individual,8.1,JAMON CEBO CAMPO 50% 7-8 KGS DON IBERICOO 50% 7-8 ,2021-10-05 00:00:00.000,2021-11-10 00:00:00.000
Jamón,2021,40521,50% IBERICO,CEBO DE CAMPO,147071545525,0,0,0,0,0,0,0,0,,1,153,17.3,Individual,7.12,JAMàN DE CEBO DE CAMPO IBRICO,2021-10-05 00:00:00.000,2022-02-14 00:00:00.000
Jamón,2021,40521,50% IBERICO,CEBO DE CAMPO,147067116159,0,0,0,0,0,0,0,0,,1,153,17.94,Individual,7.78,JAMàN DE CEBO DE CAMPO IBRICO,2021-10-05 00:00:00.000,2022-02-14 00:00:00.000
Jamón,2021,40521,50% IBERICO,CEBO DE CAMPO,147071474283,0,0,0,0,0,0,0,0,,1,153,18.1,Individual,8.04,JAMON CEBO CAMPO 50% 7-8 KGS DON IBERICOO 50% 7-8 ,2021-10-05 00:00:00.000,2021-11-04 00:00:00.000
Jamón,2021,40521,50% IBERICO,CEBO DE CAMPO,147071475136,0,0,0,0,0,0,0,0,,1,153,17.64,Individual,7.6,JAMON CEBO CAMPO 50% 7-8 KGS DON IBERICOO 50% 7-8 ,2021-10-05 00:00:00.000,2021-11-04 00:00:00.000
Jamón,2021,40521,50% IBERICO,CEBO DE CAMPO,147071475143,0,0,0,0,0,0,0,0,,1,153,17.92,Individual,7.86,JAMON CEBO CAMPO 50% 7-8 KGS DON IBERICOO 50% 7-8 ,2021-10-05 00:00:00.000,2021-11-04 00:00:00.000
Jamón,2021,40521,50% IBERICO,CEBO DE CAMPO,147071473972,0,0,0,0,0,0,0,0,,1,153,17.76,Individual,7.68,JAMON CEBO CAMPO 50% 7-8 KGS DON IBERICOO 50% 7-8 ,2021-10-05 00:00:00.000,2021-11-04 00:00:00.000
Jamón,2021,40521,50% IBERICO,CEBO DE CAMPO,147071475280,0,0,0,0,0,0,0,0,,1,153,18.04,Individual,7.98,JAMON CEBO CAMPO 50% 7-8 KGS DON IBERICOO 50% 7-8 ,2021-10-05 00:00:00.000,2021-11-04 00:00:00.000
Jamón,2021,40521,50% IBERICO,CEBO DE CAMPO,147069449361,0,0,0,0,0,0,0,0,,1,153,17.9,Individual,7.84,JAMON CEBO CAMPO 50% 7-8 KGS DON IBERICOO 50% 7-8 ,2021-10-05 00:00:00.000,2021-11-04 00:00:00.000
Jamón,2021,40521,50% IBERICO,CEBO DE CAMPO,147071475532,0,0,0,0,0,0,0,0,,1,153,17.94,Individual,7.88,JAMON CEBO CAMPO 50% 7-8 KGS DON IBERICOO 50% 7-8 ,2021-10-05 00:00:00.000,2021-11-04 00:00:00.000
Jamón,2021,40521,50% IBERICO,CEBO DE CAMPO,147071473545,0,0,0,0,0,0,0,0,,1,153,17.74,Individual,7.68,JAMON CEBO CAMPO 50% 7-8 KGS DON IBERICOO 50% 7-8 ,2021-10-05 00:00:00.000,2021-11-04 00:00:00.000
Jamón,2021,40521,50% IBERICO,CEBO DE CAMPO,147071472814,0,0,0,0,0,0,0,0,,1,153,17.72,Individual,7.66,JAMON CEBO CAMPO 50% 7-8 KGS DON IBERICOO 50% 7-8 ,2021-10-05 00:00:00.000,2021-11-04 00:00:00.000
Jamón,2021,40521,50% IBERICO,CEBO DE CAMPO,147071545235,0,0,0,0,0,0,0,0,,1,153,17.32,Individual,7.24,JAMON CEBO CAMPO 50% 7-8 KGS DON IBERICOO 50% 7-8 ,2021-10-05 00:00:00.000,2021-11-10 00:00:00.000
Jamón,2021,40521,50% IBERICO,CEBO DE CAMPO,147071472821,0,0,0,0,0,0,0,0,,1,153,7.48,Individual,7.4,JAMON CEBO CAMPO 50% 7-8 KGS DON IBERICOO 50% 7-8 ,2021-10-05 00:00:00.000,2021-11-10 00:00:00.000
Jamón,2021,40521,50% IBERICO,CEBO DE CAMPO,147071546911,0,0,0,0,0,0,0,0,,1,153,17.48,Individual,7.4,JAMON CEBO CAMPO 50% 7-8 KGS DON IBERICOO 50% 7-8 ,2021-10-05 00:00:00.000,2021-11-10 00:00:00.000
Jamón,2021,40521,50% IBERICO,CEBO DE CAMPO,147071544900,0,0,0,0,0,0,0,0,,1,153,18.06,Individual,7.98,JAMON CEBO CAMPO 50% 7-8 KGS DON IBERICOO 50% 7-8 ,2021-10-05 00:00:00.000,2021-11-10 00:00:00.000
Jamón,2021,40521,50% IBERICO,CEBO DE CAMPO,147071545549,0,0,0,0,0,0,0,0,,1,153,17.8,Individual,7.72,JAMON CEBO CAMPO 50% 7-8 KGS DON IBERICOO 50% 7-8 ,2021-10-05 00:00:00.000,2021-11-10 00:00:00.000
Jamón,2021,40521,50% IBERICO,CEBO DE CAMPO,147069449712,0,0,0,0,0,0,0,0,,1,153,17.72,Individual,7.64,JAMON CEBO CAMPO 50% 7-8 KGS DON IBERICOO 50% 7-8 ,2021-10-05 00:00:00.000,2021-11-10 00:00:00.000
Jamón,2021,40521,50% IBERICO,CEBO DE CAMPO,147071545532,0,0,0,0,0,0,0,0,,1,153,18.08,Individual,8,JAMON CEBO CAMPO 50% 7-8 KGS DON IBERICOO 50% 7-8 ,2021-10-05 00:00:00.000,2021-11-10 00:00:00.000
Jamón,2021,40521,50% IBERICO,CEBO DE CAMPO,147071473484,0,0,0,0,0,0,0,0,,1,153,17.3,Individual,7.24,JAMON CEBO CAMPO 50% 7-8 KGS DON IBERICOO 50% 7-8 ,2021-10-05 00:00:00.000,2021-11-10 00:00:00.000
Jamón,2021,40521,50% IBERICO,CEBO DE CAMPO,147071474382,0,0,0,0,0,0,0,0,,1,153,18,Individual,7.9,JAMON CEBO CAMPO 50% 7-8 KGS DON IBERICOO 50% 7-8 ,2021-10-05 00:00:00.000,2021-11-10 00:00:00.000
Jamón,2021,40521,50% IBERICO,CEBO DE CAMPO,147071544702,0,0,0,0,0,0,0,0,,1,153,17.52,Individual,7.44,JAMON CEBO CAMPO 50% 7-8 KGS DON IBERICOO 50% 7-8 ,2021-10-05 00:00:00.000,2021-11-10 00:00:00.000
Jamón,2021,40521,50% IBERICO,CEBO DE CAMPO,147071546416,0,0,0,0,0,0,0,0,,1,153,17.6,Individual,7.52,JAMON CEBO CAMPO 50% 7-8 KGS DON IBERICOO 50% 7-8 ,2021-10-05 00:00:00.000,2021-11-10 00:00:00.000
Jamón,2021,40521,50% IBERICO,CEBO DE CAMPO,147071544825,0,0,0,0,0,0,0,0,,1,153,17.46,Individual,7.4,JAMON CEBO CAMPO 50% 7-8 KGS DON IBERICOO 50% 7-8 ,2021-10-05 00:00:00.000,2021-11-10 00:00:00.000
Jamón,2021,40521,50% IBERICO,CEBO DE CAMPO,147071544375,0,0,0,0,0,0,0,0,,1,153,17.9,Individual,7.82,JAMON CEBO CAMPO 50% 7-8 KGS DON IBERICOO 50% 7-8 ,2021-10-05 00:00:00.000,2021-11-10 00:00:00.000
Jamón,2021,40521,50% IBERICO,CEBO DE CAMPO,147071474689,0,0,0,0,0,0,0,0,,1,153,7.56,Individual,7.5,JAMON CEBO CAMPO 50% 7-8 KGS DON IBERICOO 50% 7-8 ,2021-10-05 00:00:00.000,2021-11-10 00:00:00.000
Jamón,2021,40521,50% IBERICO,CEBO DE CAMPO,147071544221,0,0,0,0,0,0,0,0,,1,153,18.34,Individual,8.04,JAMON CEBO CAMPO 50% 7-8 KGS DON IBERICOO 50% 7-8 ,2021-10-05 00:00:00.000,2021-11-10 00:00:00.000
Jamón,2021,40521,50% IBERICO,CEBO DE CAMPO,147069451135,0,0,0,0,0,0,0,0,,1,153,17.16,Individual,7.12,JAMON CEBO CAMPO 50% 7-8 KGS DON IBERICOO 50% 7-8 ,2021-10-05 00:00:00.000,2021-11-04 00:00:00.000
Jamón,2021,40521,50% IBERICO,CEBO DE CAMPO,147067116272,0,0,0,0,0,0,0,0,,1,153,17.96,Individual,7.92,JAMON CEBO CAMPO 50% 7-8 KGS DON IBERICOO 50% 7-8 ,2021-10-05 00:00:00.000,2021-11-04 00:00:00.000
Jamón,2021,40521,50% IBERICO,CEBO DE CAMPO,147071437974,0,0,0,0,0,0,0,0,,1,153,7.38,Individual,7.39,JAMON CEBO CAMPO 50% 7-8 KGS DON IBERICOO 50% 7-8 ,2021-10-05 00:00:00.000,2021-11-04 00:00:00.000
Jamón,2021,40521,50% IBERICO,CEBO DE CAMPO,147071545365,0,0,0,0,0,0,0,0,,1,153,7.26,Individual,7.2,JAMON CEBO CAMPO 50% 7-8 KGS DON IBERICOO 50% 7-8 ,2021-10-05 00:00:00.000,2021-11-04 00:00:00.000
Jamón,2021,40521,50% IBERICO,CEBO DE CAMPO,147071439299,0,0,0,0,0,0,0,0,,1,153,17.94,Individual,7.92,JAMON CEBO CAMPO 50% 7-8 KGS DON IBERICOO 50% 7-8 ,2021-10-05 00:00:00.000,2021-11-04 00:00:00.000
Jamón,2021,40521,50% IBERICO,CEBO DE CAMPO,147067116166,0,0,0,0,0,0,0,0,,1,153,17.68,Individual,7.62,JAMON CEBO CAMPO 50% 7-8 KGS DON IBERICOO 50% 7-8 ,2021-10-05 00:00:00.000,2021-11-04 00:00:00.000
Jamón,2021,40521,50% IBERICO,CEBO DE CAMPO,147069451692,0,0,0,0,0,0,0,0,,1,153,17.76,Individual,7.74,JAMON CEBO CAMPO 50% 7-8 KGS DON IBERICOO 50% 7-8 ,2021-10-05 00:00:00.000,2021-11-04 00:00:00.000
Jamón,2021,40521,50% IBERICO,CEBO DE CAMPO,147071473163,0,0,0,0,0,0,0,0,,1,153,17.46,Individual,7.38,JAMON CEBO CAMPO 50% 7-8 KGS DON IBERICOO 50% 7-8 ,2021-10-05 00:00:00.000,2021-11-04 00:00:00.000
Jamón,2021,40521,50% IBERICO,CEBO DE CAMPO,147071474092,0,0,0,0,0,0,0,0,,1,153,17.76,Individual,7.72,JAMON CEBO CAMPO 50% 7-8 KGS DON IBERICOO 50% 7-8 ,2021-10-05 00:00:00.000,2021-11-04 00:00:00.000
Jamón,2021,40521,50% IBERICO,CEBO DE CAMPO,147071546973,0,0,0,0,0,0,0,0,,1,153,17.72,Individual,7.66,JAMON CEBO CAMPO 50% 7-8 KGS DON IBERICOO 50% 7-8 ,2021-10-05 00:00:00.000,2021-11-04 00:00:00.000
Jamón,2021,40521,50% IBERICO,CEBO DE CAMPO,147067116142,0,0,0,0,0,0,0,0,,1,153,17.66,Individual,7.6,JAMON CEBO CAMPO 50% 7-8 KGS DON IBERICOO 50% 7-8 ,2021-10-05 00:00:00.000,2021-11-04 00:00:00.000
Jamón,2021,40521,50% IBERICO,CEBO DE CAMPO,147069449385,0,0,0,0,0,0,0,0,,1,153,17.5,Individual,7.44,JAMON CEBO CAMPO 50% 7-8 KGS DON IBERICOO 50% 7-8 ,2021-10-05 00:00:00.000,2021-11-04 00:00:00.000
Jamón,2021,40521,50% IBERICO,CEBO DE CAMPO,147067116135,0,0,0,0,0,0,0,0,,1,153,17.94,Individual,7.88,JAMON CEBO CAMPO 50% 7-8 KGS DON IBERICOO 50% 7-8 ,2021-10-05 00:00:00.000,2021-11-04 00:00:00.000
Jamón,2021,40521,50% IBERICO,CEBO DE CAMPO,147067115893,0,0,0,0,0,0,0,0,,1,153,17.76,Individual,7.7,JAMON CEBO CAMPO 50% 7-8 KGS DON IBERICOO 50% 7-8 ,2021-10-05 00:00:00.000,2021-11-04 00:00:00.000
Jamón,2021,40521,50% IBERICO,CEBO DE CAMPO,147067116500,0,0,0,0,0,0,0,0,,1,153,17.38,Individual,7.32,JAMON CEBO CAMPO 50% 7-8 KGS DON IBERICOO 50% 7-8 ,2021-10-05 00:00:00.000,2021-11-04 00:00:00.000
Jamón,2021,40521,50% IBERICO,CEBO DE CAMPO,147071438070,0,0,0,0,0,0,0,0,,1,153,17.72,Individual,7.64,JAMON CEBO CAMPO 50% 7-8 KGS DON IBERICOO 50% 7-8 ,2021-10-05 00:00:00.000,2021-11-04 00:00:00.000
Jamón,2021,40521,50% IBERICO,CEBO DE CAMPO,147071546713,0,0,0,0,0,0,0,0,,1,153,17.74,Individual,7.66,JAMON CEBO CAMPO 50% 7-8 KGS DON IBERICOO 50% 7-8 ,2021-10-05 00:00:00.000,2021-11-04 00:00:00.000
Jamón,2021,40521,50% IBERICO,CEBO DE CAMPO,147071544511,0,0,0,0,0,0,0,0,,1,153,17.8,Individual,7.74,JAMON CEBO CAMPO 50% 7-8 KGS DON IBERICOO 50% 7-8 ,2021-10-05 00:00:00.000,2021-11-04 00:00:00.000
Jamón,2021,40521,50% IBERICO,CEBO DE CAMPO,147067117606,0,0,0,0,0,0,0,0,,1,153,17.28,Individual,7.22,JAMON CEBO CAMPO 50% 7-8 KGS DON IBERICOO 50% 7-8 ,2021-10-05 00:00:00.000,2021-11-04 00:00:00.000
Jamón,2021,40521,50% IBERICO,CEBO DE CAMPO,147071439312,0,0,0,0,0,0,0,0,,1,153,17.62,Individual,7.56,JAMON CEBO CAMPO 50% 7-8 KGS DON IBERICOO 50% 7-8 ,2021-10-05 00:00:00.000,2021-11-04 00:00:00.000
Jamón,2021,40521,50% IBERICO,CEBO DE CAMPO,147071473606,0,0,0,0,0,0,0,0,,1,153,17.48,Individual,7.42,JAMON CEBO CAMPO 50% 7-8 KGS DON IBERICOO 50% 7-8 ,2021-10-05 00:00:00.000,2021-11-04 00:00:00.000
Jamón,2021,40521,50% IBERICO,CEBO DE CAMPO,147071474672,0,0,0,0,0,0,0,0,,1,153,17.78,Individual,7.74,JAMON CEBO CAMPO 50% 7-8 KGS DON IBERICOO 50% 7-8 ,2021-10-05 00:00:00.000,2021-11-04 00:00:00.000
Jamón,2021,40521,50% IBERICO,CEBO DE CAMPO,147071544276,0,0,0,0,0,0,0,0,,1,153,17.7,Individual,7.64,JAMON CEBO CAMPO 50% 7-8 KGS DON IBERICOO 50% 7-8 ,2021-10-05 00:00:00.000,2021-11-04 00:00:00.000
Jamón,2021,40521,50% IBERICO,CEBO DE CAMPO,147071544696,0,0,0,0,0,0,0,0,,1,153,17.82,Individual,7.74,JAMON CEBO CAMPO 50% 7-8 KGS DON IBERICOO 50% 7-8 ,2021-10-05 00:00:00.000,2021-11-04 00:00:00.000
Jamón,2021,40521,50% IBERICO,CEBO DE CAMPO,147071545310,0,0,0,0,0,0,0,0,,1,153,17.06,Individual,7,JAMON CEBO CAMPO 50% 7-8 KGS DON IBERICOO 50% 7-8 ,2021-10-05 00:00:00.000,2021-11-04 00:00:00.000
Jamón,2021,40521,50% IBERICO,CEBO DE CAMPO,147069449248,0,0,0,0,0,0,0,0,,1,153,18,Individual,7.82,JAMàN DE CEBO DE CAMPO IBRICO,2021-10-05 00:00:00.000,2022-02-14 00:00:00.000
Jamón,2021,40521,50% IBERICO,CEBO DE CAMPO,147069451654,0,0,0,0,0,0,0,0,,1,153,17.44,Individual,7.26,JAMàN DE CEBO DE CAMPO IBRICO,2021-10-05 00:00:00.000,2022-02-14 00:00:00.000
Jamón,2021,40521,50% IBERICO,CEBO DE CAMPO,147067117385,0,0,0,0,0,0,0,0,,1,153,18,Individual,7.82,JAMàN DE CEBO DE CAMPO IBRICO,2021-10-05 00:00:00.000,2022-02-14 00:00:00.000
Jamón,2021,40521,50% IBERICO,CEBO DE CAMPO,147071473200,0,0,0,0,0,0,0,0,,1,153,18.1,Individual,8.04,JAMON CEBO CAMPO 50% 7-8 KGS DON IBERICOO 50% 7-8 ,2021-10-05 00:00:00.000,2021-11-04 00:00:00.000
Jamón,2021,40521,50% IBERICO,CEBO DE CAMPO,147071474139,0,0,0,0,0,0,0,0,,1,153,17.8,Individual,7.72,JAMON CEBO CAMPO 50% 7-8 KGS DON IBERICOO 50% 7-8 ,2021-10-05 00:00:00.000,2021-11-04 00:00:00.000
Jamón,2021,40521,50% IBERICO,CEBO DE CAMPO,147071547031,0,0,0,0,0,0,0,0,,1,153,17.82,Individual,7.76,JAMON CEBO CAMPO 50% 7-8 KGS DON IBERICOO 50% 7-8 ,2021-10-05 00:00:00.000,2021-11-04 00:00:00.000
Jamón,2021,40521,50% IBERICO,CEBO DE CAMPO,147071547154,0,0,0,0,0,0,0,0,,1,153,17.9,Individual,7.84,JAMON CEBO CAMPO 50% 7-8 KGS DON IBERICOO 50% 7-8 ,2021-10-05 00:00:00.000,2021-11-04 00:00:00.000
Jamón,2021,40521,50% IBERICO,CEBO DE CAMPO,147071472913,0,0,0,0,0,0,0,0,,1,153,17.38,Individual,7.22,JAMàN DE CEBO DE CAMPO IBRICO,2021-10-05 00:00:00.000,2022-02-14 00:00:00.000
Jamón,2021,40521,50% IBERICO,CEBO DE CAMPO,147071472838,0,0,0,0,0,0,0,0,,1,153,17.82,Individual,7.76,JAMON CEBO CAMPO 50% 7-8 KGS DON IBERICOO 50% 7-8 ,2021-10-05 00:00:00.000,2021-11-04 00:00:00.000
Jamón,2021,40521,50% IBERICO,CEBO DE CAMPO,147071439374,0,0,0,0,0,0,0,0,,1,153,7.5,Individual,7.48,JAMON CEBO CAMPO 50% 7-8 KGS DON IBERICOO 50% 7-8 ,2021-10-05 00:00:00.000,2021-11-04 00:00:00.000
Jamón,2021,40521,50% IBERICO,CEBO DE CAMPO,147071472951,0,0,0,0,0,0,0,0,,1,153,17.74,Individual,7.68,JAMON CEBO CAMPO 50% 7-8 KGS DON IBERICOO 50% 7-8 ,2021-10-05 00:00:00.000,2021-11-04 00:00:00.000
Jamón,2021,40521,50% IBERICO,CEBO DE CAMPO,147069450138,0,0,0,0,0,0,0,0,,1,153,18.12,Individual,8.04,JAMON CEBO CAMPO 50% 7-8 KGS DON IBERICOO 50% 7-8 ,2021-10-05 00:00:00.000,2021-11-04 00:00:00.000
Jamón,2021,40521,50% IBERICO,CEBO DE CAMPO,147069451050,0,0,0,0,0,0,0,0,,1,153,17.74,Individual,7.68,JAMON CEBO CAMPO 50% 7-8 KGS DON IBERICOO 50% 7-8 ,2021-10-05 00:00:00.000,2021-11-04 00:00:00.000
Jamón,2021,40521,50% IBERICO,CEBO DE CAMPO,147067116098,0,0,0,0,0,0,0,0,,1,153,17.9,Individual,7.84,JAMON CEBO CAMPO 50% 7-8 KGS DON IBERICOO 50% 7-8 ,2021-10-05 00:00:00.000,2021-11-04 00:00:00.000
Jamón,2021,40521,50% IBERICO,CEBO DE CAMPO,147069449491,0,0,0,0,0,0,0,0,,1,153,17.86,Individual,7.8,JAMON CEBO CAMPO 50% 7-8 KGS DON IBERICOO 50% 7-8 ,2021-10-05 00:00:00.000,2021-11-04 00:00:00.000
Jamón,2021,40521,50% IBERICO,CEBO DE CAMPO,147071545198,0,0,0,0,0,0,0,0,,1,153,17.88,Individual,7.82,JAMON CEBO CAMPO 50% 7-8 KGS DON IBERICOO 50% 7-8 ,2021-10-05 00:00:00.000,2021-11-04 00:00:00.000
Jamón,2021,40521,50% IBERICO,CEBO DE CAMPO,147071545242,0,0,0,0,0,0,0,0,,1,153,17.2,Individual,7.14,JAMON CEBO CAMPO 50% 7-8 KGS DON IBERICOO 50% 7-8 ,2021-10-05 00:00:00.000,2021-11-04 00:00:00.000
Jamón,2021,40521,50% IBERICO,CEBO DE CAMPO,147071546126,0,0,0,0,0,0,0,0,,1,153,17.74,Individual,7.68,JAMON CEBO CAMPO 50% 7-8 KGS DON IBERICOO 50% 7-8 ,2021-10-05 00:00:00.000,2021-11-04 00:00:00.000
Jamón,2021,40521,50% IBERICO,CEBO DE CAMPO,147071544665,0,0,0,0,0,0,0,0,,1,153,17.02,Individual,6.94,JAMON CEBO CAMPO 50% 7-8 KGS DON IBERICOO 50% 7-8 ,2021-10-05 00:00:00.000,2021-11-04 00:00:00.000
Jamón,2021,40521,50% IBERICO,CEBO DE CAMPO,147071438186,0,0,0,0,0,0,0,0,,1,153,17.62,Individual,7.56,JAMON CEBO CAMPO 50% 7-8 KGS DON IBERICOO 50% 7-8 ,2021-10-05 00:00:00.000,2021-11-10 00:00:00.000
Jamón,2021,40521,50% IBERICO,CEBO DE CAMPO,147067117637,0,0,0,0,0,0,0,0,,1,153,17.66,Individual,7.6,JAMON CEBO CAMPO 50% 7-8 KGS DON IBERICOO 50% 7-8 ,2021-10-05 00:00:00.000,2021-11-04 00:00:00.000
Jamón,2021,40521,50% IBERICO,CEBO DE CAMPO,147071472906,0,0,0,0,0,0,0,0,,1,153,17.68,Individual,7.62,JAMON CEBO CAMPO 50% 7-8 KGS DON IBERICOO 50% 7-8 ,2021-10-05 00:00:00.000,2021-11-04 00:00:00.000
Jamón,2021,40521,50% IBERICO,CEBO DE CAMPO,147071473569,0,0,0,0,0,0,0,0,,1,153,17.94,Individual,7.88,JAMON CEBO CAMPO 50% 7-8 KGS DON IBERICOO 50% 7-8 ,2021-10-05 00:00:00.000,2021-11-04 00:00:00.000
Jamón,2021,40521,50% IBERICO,CEBO DE CAMPO,147071473798,0,0,0,0,0,0,0,0,,1,153,18.04,Individual,7.96,JAMON CEBO CAMPO 50% 7-8 KGS DON IBERICOO 50% 7-8 ,2021-10-05 00:00:00.000,2021-11-04 00:00:00.000
Jamón,2021,40521,50% IBERICO,CEBO DE CAMPO,147071544436,0,0,0,0,0,0,0,0,,1,153,17.68,Individual,7.6,JAMON CEBO CAMPO 50% 7-8 KGS DON IBERICOO 50% 7-8 ,2021-10-05 00:00:00.000,2021-11-04 00:00:00.000
Jamón,2021,40521,50% IBERICO,CEBO DE CAMPO,147071473019,0,0,0,0,0,0,0,0,,1,153,17.76,Individual,7.68,JAMON CEBO CAMPO 50% 7-8 KGS DON IBERICOO 50% 7-8 ,2021-10-05 00:00:00.000,2021-11-04 00:00:00.000
Jamón,2021,40521,50% IBERICO,CEBO DE CAMPO,147071474771,0,0,0,0,0,0,0,0,,1,153,17.6,Individual,7.44,JAMàN DE CEBO DE CAMPO IBRICO,2021-10-05 00:00:00.000,2022-02-14 00:00:00.000
Jamón,2021,40521,50% IBERICO,CEBO DE CAMPO,147071545044,0,0,0,0,0,0,0,0,,1,153,17.72,Individual,7.62,JAMON CEBO CAMPO 50% 7-8 KGS DON IBERICOO 50% 7-8 ,2021-10-05 00:00:00.000,2021-11-04 00:00:00.000
Jamón,2021,40521,50% IBERICO,CEBO DE CAMPO,147071546423,0,0,0,0,0,0,0,0,,1,153,17.42,Individual,7.38,JAMON CEBO CAMPO 50% 7-8 KGS DON IBERICOO 50% 7-8 ,2021-10-05 00:00:00.000,2021-11-04 00:00:00.000
Jamón,2021,40521,50% IBERICO,CEBO DE CAMPO,147071545662,0,0,0,0,0,0,0,0,,1,153,17.86,Individual,7.78,JAMON CEBO CAMPO 50% 7-8 KGS DON IBERICOO 50% 7-8 ,2021-10-05 00:00:00.000,2021-11-10 00:00:00.000
Jamón,2021,40521,50% IBERICO,CEBO DE CAMPO,147071546119,0,0,0,0,0,0,0,0,,1,153,17.8,Individual,7.72,JAMON CEBO CAMPO 50% 7-8 KGS DON IBERICOO 50% 7-8 ,2021-10-05 00:00:00.000,2021-11-10 00:00:00.000
Jamón,2021,40521,50% IBERICO,CEBO DE CAMPO,147071473149,0,0,0,0,0,0,0,0,,1,153,17.16,Individual,7.08,JAMON CEBO CAMPO 50% 7-8 KGS DON IBERICOO 50% 7-8 ,2021-10-05 00:00:00.000,2021-11-10 00:00:00.000
Jamón,2021,40521,50% IBERICO,CEBO DE CAMPO,147067115930,0,0,0,0,0,0,0,0,,1,153,17.66,Individual,7.6,JAMON CEBO CAMPO 50% 7-8 KGS DON IBERICOO 50% 7-8 ,2021-10-05 00:00:00.000,2021-11-04 00:00:00.000
Jamón,2021,40521,50% IBERICO,CEBO DE CAMPO,147071544399,0,0,0,0,0,0,0,0,,1,153,17.12,Individual,7.04,JAMON CEBO CAMPO 50% 7-8 KGS DON IBERICOO 50% 7-8 ,2021-10-05 00:00:00.000,2021-11-04 00:00:00.000
Jamón,2021,40521,50% IBERICO,CEBO DE CAMPO,147071544832,0,0,0,0,0,0,0,0,,1,153,17.76,Individual,7.68,JAMON CEBO CAMPO 50% 7-8 KGS DON IBERICOO 50% 7-8 ,2021-10-05 00:00:00.000,2021-11-04 00:00:00.000
Jamón,2021,40521,50% IBERICO,CEBO DE CAMPO,147071546867,0,0,0,0,0,0,0,0,,1,153,18.04,Individual,7.98,JAMON CEBO CAMPO 50% 7-8 KGS DON IBERICOO 50% 7-8 ,2021-10-05 00:00:00.000,2021-11-04 00:00:00.000
Jamón,2021,40521,50% IBERICO,CEBO DE CAMPO,147071544931,0,0,0,0,0,0,0,0,,1,153,17.3,Individual,7.22,JAMON CEBO CAMPO 50% 7-8 KGS DON IBERICOO 50% 7-8 ,2021-10-05 00:00:00.000,2021-11-10 00:00:00.000
Jamón,2021,40521,50% IBERICO,CEBO DE CAMPO,147069450565,0,0,0,0,0,0,0,0,,1,153,17.98,Individual,7.92,JAMON CEBO CAMPO 50% 7-8 KGS DON IBERICOO 50% 7-8 ,2021-10-05 00:00:00.000,2021-11-10 00:00:00.000
